Screen Id,class
14,List
26,Map
41,Search
73,Map
77,Setting
95,List
101,Login
108,Login
117,Menu
123,Menu
124,List
127,Menu
130,Menu
131,Menu
135,Menu
140,Login
141,Login
149,Menu
158,Menu
161,Menu
169,Setting
174,Map
176,Menu
178,Menu
180,Profile
183,Menu
186,Menu
189,Menu
194,Menu
195,Menu
196,Setting
204,Search
208,Search
228,List
230,Map
240,Map
244,List
247,Profile
256,List
257,List
265,Setting
272,List
295,List
313,Search
315,Login
320,List
321,Welcome
338,List
340,List
350,List
361,List
362,List
366,List
370,Setting
371,Welcome
374,Welcome
380,Search
387,Search
388,Setting
391,Search
392,Search
430,Login
453,Map
473,Welcome
476,List
479,Welcome
483,List
492,Chat
497,List
497,Search
503,Welcome
514,Login
526,List
527,Map
529,Welcome
535,Welcome
545,List
546,List
565,Welcome
567,Welcome
603,List
604,List
606,List
607,List
629,Setting
633,Setting
634,Setting
636,Setting
637,Welcome
644,Setting
660,List
676,List
677,Setting
686,List
692,List
701,Welcome
732,List
735,Login
738,List
741,List
747,List
748,List
749,Map
758,Setting
761,Setting
768,Login
771,Welcome
781,Setting
783,Setting
784,Setting
796,List
803,List
804,Welcome
811,List
813,Search
818,List
823,Login
824,Login
834,List
835,List
837,Map
865,Setting
879,Login
881,Map
888,Welcome
890,List
894,List
901,List
908,Chat
926,Profile
957,Search
974,List
999,List
1003,Search
1007,Setting
1009,Menu
1012,Menu
1014,Menu
1015,Menu
1021,Login
1027,Map
1028,List
1030,Map
1047,Welcome
1050,Setting
1054,Chat
1059,Welcome
1061,Setting
1065,Profile
1067,Login
1068,Profile
1069,Profile
1073,List
1079,List
1080,Login
1082,Login
1105,Search
1111,Home
1113,Login
1114,Login
1129,Welcome
1133,Menu
1134,Menu
1141,Home
1145,Menu
1147,Menu
1151,Profile
1191,Map
1199,Setting
1205,Menu
1206,Map
1207,Map
1208,Map
1209,Welcome
1210,Menu
1213,Home
1218,List
1220,Search
1226,Search
1231,Home
1234,List
1236,Search
1261,Setting
1263,List
1266,Search
1268,Welcome
1270,List
1271,Welcome
1274,Search
1281,Profile
1283,Menu
1291,Menu
1292,Menu
1293,Menu
1294,Home
1296,Menu
1303,List
1305,List
1323,Home
1324,Home
1325,Welcome
1350,Welcome
1352,Welcome
1353,Search
1355,Profile
1356,Welcome
1371,Profile
1381,Home
1405,Profile
1422,Menu
1426,Menu
1431,Menu
1433,Welcome
1434,Menu
1441,List
1443,Menu
1444,Menu
1446,Menu
1451,Welcome
1452,Menu
1453,Menu
1454,Map
1457,Map
1459,Welcome
1460,Setting
1461,List
1464,Map
1465,Map
1466,Menu
1467,List
1470,Menu
1481,Menu
1483,List
1519,Setting
1520,Setting
1534,Welcome
1537,Profile
1553,Profile
1580,Menu
1584,Chat
1585,Profile
1589,Chat
1593,Chat
1622,Login
1622,Welcome
1626,Home
1643,Home
1649,Home
1672,List
1687,List
1692,Map
1693,List
1694,Map
1731,List
1732,Home
1739,Menu
1740,Menu
1741,Setting
1742,Menu
1748,Welcome
1749,Chat
1755,Map
1756,Map
1758,Setting
1763,Home
1774,Welcome
1777,List
1781,Home
1783,Map
1786,Menu
1791,Search
1792,Search
1796,Map
1798,Welcome
1809,Welcome
1827,Menu
1835,Welcome
1847,Welcome
1852,Welcome
1853,Welcome
1863,Welcome
1870,List
1877,Setting
1880,Login
1883,Profile
1884,Welcome
1886,Profile
1893,Login
1930,Home
1940,Search
1942,Welcome
1951,List
1967,Chat
2003,Map
2004,Map
2008,Login
2013,Login
2063,List
2072,List
2076,Welcome
2079,Search
2084,List
2087,Home
2090,Search
2094,Search
2099,List
2101,Login
2105,List
2128,Setting
2129,Map
2164,Search
2170,Setting
2186,List
2209,Map
2211,Map
2213,Home
2216,Login
2242,Chat
2274,Home
2322,Chat
2325,Profile
2326,Setting
2347,Home
2349,Login
2353,Welcome
2356,List
2358,List
2389,Setting
2397,Home
2433,Welcome
2436,Search
2448,Profile
2450,Welcome
2454,Welcome
2463,Welcome
2465,Menu
2498,Welcome
2516,Setting
2517,Profile
2522,Setting
2525,Setting
2532,List
2543,List
2555,Welcome
2561,Home
2562,Login
2566,Home
2573,List
2579,Home
2584,Welcome
2586,Welcome
2589,Setting
2603,Home
2604,Home
2607,Home
2610,Login
2623,Welcome
2629,List
2668,Welcome
2673,Home
2682,List
2683,List
2696,List
2698,Login
2700,List
2703,Search
2707,Search
2708,List
2714,Login
2716,Login
2722,List
2736,List
2742,Welcome
2747,Setting
2757,Search
2772,Profile
2778,List
2780,List
2794,Chat
2796,Chat
2799,Chat
2799,Welcome
2800,Chat
2827,Login
2829,List
2834,Search
2835,Profile
2838,Search
2839,Search
2846,List
2847,Search
2852,List
2858,Login
2859,Welcome
2889,List
2897,List
2899,Menu
2901,Home
2913,List
2916,List
2930,List
2941,List
2942,List
2954,Home
2964,Setting
2966,Home
2967,List
2970,List
2977,Home
2984,Setting
2988,Search
2991,List
3003,Chat
3004,Chat
3005,Menu
3007,Setting
3024,Login
3025,Profile
3033,Search
3056,Map
3086,Map
3094,Map
3105,Welcome
3108,Setting
3117,Setting
3119,Home
3129,Welcome
3140,Menu
3161,Welcome
3166,List
3168,Map
3173,Home
3188,Search
3193,Search
3194,Search
3196,Setting
3206,Chat
3207,Menu
3210,Home
3212,Welcome
3213,Welcome
3226,Home
3258,Setting
3259,Search
3265,Welcome
3269,Setting
3291,Setting
3294,List
3305,Menu
3333,List
3360,Home
3383,Setting
3420,Search
3423,Chat
3429,Chat
3436,Chat
3437,Search
3439,Welcome
3440,Login
3456,List
3458,List
3462,Setting
3464,Home
3474,Home
3481,List
3496,Profile
3497,Profile
3502,Home
3507,Home
3521,Login
3522,Chat
3529,Login
3537,Home
3543,List
3545,Setting
3546,Profile
3560,List
3579,Welcome
3588,List
3597,Welcome
3603,Search
3608,List
3610,Home
3617,List
3663,Welcome
3672,Profile
3679,Welcome
3686,Home
3688,Home
3692,Welcome
3694,List
3701,Profile
3710,Welcome
3718,Welcome
3719,Login
3720,Home
3721,Login
3722,Chat
3723,Chat
3723,Profile
3724,Chat
3730,Login
3735,Map
3738,Map
3742,Search
3743,Map
3750,List
3757,Setting
3774,List
3776,List
3777,Search
3784,List
3785,Home
3789,Profile
3792,Search
3799,Login
3810,List
3819,Search
3820,Search
3825,List
3836,Welcome
3847,Login
3855,Welcome
3863,Map
3907,Setting
3922,Home
3925,Welcome
3932,Search
3933,Profile
3936,List
3938,List
3942,List
3956,List
3961,Welcome
3965,Welcome
3977,Home
3978,Map
3983,Welcome
3993,Menu
4008,Map
4013,Home
4013,List
4020,Map
4024,Map
4025,Profile
4026,Login
4040,Home
4046,Home
4058,List
4066,Profile
4068,List
4090,Welcome
4114,Home
4115,Chat
4134,Profile
4146,Login
4156,Home
4157,List
4162,Welcome
4164,Login
4165,Home
4169,Welcome
4171,Welcome
4173,Map
4175,Setting
4182,Map
4189,Welcome
4194,List
4194,Setting
4199,Setting
4214,Login
4217,Map
4236,Welcome
4240,Home
4271,Profile
4289,List
4292,Home
4317,Map
4327,List
4342,Map
4347,Map
4349,Map
4366,Login
4368,Login
4380,Welcome
4387,Welcome
4399,Setting
4444,List
4457,List
4459,Welcome
4476,Setting
4485,Login
4486,Setting
4489,Login
4490,Menu
4491,Setting
4492,Login
4513,Login
4514,List
4531,Home
4534,List
4535,List
4536,Welcome
4559,List
4571,Welcome
4581,Welcome
4587,Setting
4591,Chat
4612,List
4616,List
4617,List
4641,Welcome
4656,Home
4688,Profile
4690,Setting
4726,Home
4727,List
4729,List
4739,Welcome
4761,List
4772,List
4781,Search
4789,Welcome
4793,Search
4797,Profile
4806,Map
4812,Setting
4815,Setting
4829,Home
4846,Setting
4849,Profile
4850,Home
4858,Setting
4873,Setting
4913,List
4923,List
4927,List
4928,List
4931,Login
4935,Setting
4939,Login
4948,Home
4950,Setting
4959,Welcome
4973,List
4977,Setting
4990,Menu
4996,Login
4999,Login
5000,Login
5001,Login
5003,Map
5005,Setting
5007,Map
5016,Map
5042,Map
5049,Home
5051,Map
5053,Map
5056,List
5058,Map
5059,Login
5062,Search
5063,Map
5111,List
5134,Home
5135,Home
5148,List
5171,List
5173,Search
5195,Welcome
5204,Home
5205,Chat
5208,Welcome
5253,Profile
5268,List
5273,Profile
5284,Home
5311,Welcome
5336,Welcome
5371,Profile
5372,Welcome
5377,Chat
5386,Welcome
5412,Home
5419,List
5428,Home
5429,Menu
5430,List
5439,List
5459,Login
5466,Login
5470,Menu
5476,Home
5478,List
5482,List
5484,List
5486,List
5489,Login
5493,Map
5495,Search
5500,Welcome
5508,Menu
5539,Setting
5556,Welcome
5559,Menu
5561,Map
5562,Map
5566,Search
5567,Welcome
5568,Home
5606,Welcome
5607,Welcome
5622,Map
5629,Setting
5631,List
5641,List
5651,Welcome
5653,Welcome
5682,Menu
5684,List
5716,Login
5772,Setting
5777,Login
5778,List
5786,Login
5831,Home
5835,Profile
5859,Search
5860,Chat
5862,Chat
5870,Login
5871,Login
5886,Home
5918,Login
5935,Welcome
5944,Login
5946,Chat
5947,Chat
5949,List
5952,Setting
5955,Welcome
5975,Login
5976,Chat
5976,Profile
5977,Search
5978,Welcome
5983,Chat
5990,Search
5999,Welcome
6011,Profile
6027,List
6030,Welcome
6045,List
6052,List
6054,List
6061,Login
6064,Welcome
6068,Menu
6079,Setting
6091,Chat
6110,List
6117,Home
6120,List
6132,Welcome
6135,Home
6141,Home
6143,Home
6146,Login
6152,Home
6170,Map
6182,Welcome
6184,Home
6186,Setting
6190,Chat
6207,Welcome
6224,Profile
6235,Login
6238,Login
6240,Welcome
6250,Welcome
6251,Login
6255,Login
6257,Menu
6266,List
6268,Welcome
6278,Login
6279,Welcome
6284,List
6285,List
6287,Setting
6303,Search
6309,Login
6311,Setting
6344,Login
6344,Welcome
6372,Search
6391,List
6397,Home
6401,Home
6408,Setting
6410,Home
6414,Setting
6418,Setting
6420,Home
6423,Setting
6442,Home
6447,Home
6451,Search
6454,Home
6457,Search
6458,Home
6523,Home
6542,Menu
6543,Menu
6565,Menu
6583,Setting
6590,Setting
6602,List
6603,Welcome
6608,Login
6609,List
6625,Home
6645,List
6657,Login
6697,Setting
6721,Search
6733,List
6734,List
6735,Search
6737,Setting
6742,Home
6752,Menu
6755,Menu
6756,Menu
6764,Profile
6769,Setting
6800,Setting
6808,Login
6811,Home
6814,Welcome
6817,Home
6818,Home
6848,Welcome
6865,List
6867,Home
6874,Profile
6875,Setting
6877,Profile
6878,Profile
6899,Setting
6901,Map
6905,Menu
6907,Home
6918,List
6918,Search
6920,List
6923,Setting
6935,Map
6961,List
6962,List
6998,Home
7000,Welcome
7002,Login
7002,Welcome
7003,Welcome
7013,Menu
7015,Welcome
7020,Map
7028,Home
7030,Home
7045,Map
7046,Map
7063,Login
7071,Profile
7084,Map
7112,Profile
7114,Profile
7135,List
7139,Login
7140,Profile
7148,Login
7177,List
7198,Profile
7226,List
7236,Profile
7250,Menu
7251,Login
7265,Setting
7301,Login
7338,Login
7341,Setting
7350,Search
7353,List
7355,Search
7361,Login
7368,List
7370,List
7386,Welcome
7392,Setting
7396,Map
7406,List
7417,List
7425,Welcome
7426,Map
7428,Chat
7428,Welcome
7430,Home
7432,Home
7436,Chat
7436,Welcome
7437,Chat
7442,List
7444,Chat
7445,List
7446,List
7447,Welcome
7450,Login
7450,Welcome
7452,Welcome
7457,Chat
7476,Home
7513,Welcome
7518,Home
7524,Login
7542,Setting
7543,Welcome
7544,List
7547,Home
7548,Welcome
7549,List
7550,Welcome
7552,Home
7558,Home
7570,Menu
7573,Search
7588,Menu
7593,List
7597,Search
7601,Home
7603,Search
7606,Search
7608,Search
7611,Search
7627,Login
7646,Home
7648,Welcome
7656,Home
7667,Welcome
7672,Welcome
7682,Setting
7687,Search
7693,List
7700,List
7701,List
7713,Login
7717,List
7726,List
7738,Login
7778,Login
7783,Welcome
7788,Profile
7798,List
7803,Welcome
7835,Welcome
7849,Login
7872,List
7875,List
7886,Map
7888,List
7892,List
7896,List
7898,List
7902,Login
7908,Login
7909,List
7910,Login
7911,List
7953,List
7963,List
7964,Welcome
7987,Home
7990,List
7994,List
7995,Login
7998,Home
7999,List
8001,Welcome
8010,List
8016,Welcome
8029,Setting
8046,Setting
8053,List
8086,Chat
8088,Welcome
8090,List
8093,Chat
8094,List
8097,List
8152,Search
8164,List
8191,Menu
8200,List
8200,Menu
8209,List
8239,Setting
8264,Map
8268,Setting
8297,Home
8300,Home
8318,Map
8373,Welcome
8379,List
8385,Setting
8401,Home
8415,Home
8417,List
8423,Home
8427,Welcome
8429,Welcome
8433,Home
8444,Profile
8445,List
8455,Setting
8485,Map
8486,Login
8487,Home
8522,Menu
8541,Login
8546,Home
8547,Profile
8559,Login
8559,Welcome
8571,Map
8573,Setting
8590,List
8592,Search
8593,Search
8595,Search
8601,Search
8605,Search
8609,Welcome
8632,Welcome
8643,Setting
8648,Search
8654,Welcome
8659,List
8662,List
8667,Profile
8674,List
8703,Map
8717,List
8719,List
8732,Profile
8735,Login
8813,Home
8823,Welcome
8825,Welcome
8826,List
8850,Search
8851,List
8859,Welcome
8875,Home
8899,Welcome
8906,Search
8908,Search
8922,Search
8929,Home
8954,Search
8963,Login
8980,Search
8989,Chat
8989,Search
8992,Welcome
8998,Login
9001,Welcome
9039,Welcome
9057,Search
9061,List
9075,Profile
9077,List
9094,Chat
9108,Search
9111,Home
9124,Profile
9125,Login
9129,Search
9140,List
9149,Welcome
9151,Search
9152,List
9172,Setting
9182,Welcome
9185,Login
9191,Setting
9249,Setting
9261,Profile
9282,Chat
9288,Profile
9293,Home
9294,Welcome
9295,Search
9297,Menu
9302,Menu
9305,Welcome
9310,Menu
9314,Home
9329,List
9377,Welcome
9379,Welcome
9382,Welcome
9412,Menu
9421,Menu
9428,Home
9438,Login
9438,Search
9443,List
9450,Login
9475,Setting
9478,Setting
9479,Setting
9495,Home
9496,Search
9503,Map
9508,Home
9513,Setting
9530,List
9547,Menu
9550,Profile
9558,Search
9559,Home
9569,List
9575,List
9577,Setting
9591,Search
9593,Welcome
9598,Login
9606,Welcome
9619,Setting
9627,Home
9631,Profile
9633,Map
9634,Login
9636,Home
9639,Home
9646,Chat
9656,Welcome
9667,Home
9671,Home
9679,List
9696,Menu
9697,List
9700,List
9702,List
9703,Search
9725,Search
9726,Search
9727,List
9735,List
9741,List
9742,List
9750,List
9762,Welcome
9821,Welcome
9828,Setting
9841,List
9853,Login
9904,Map
9908,Map
9914,Home
9916,Map
10023,Map
10031,Map
10035,Menu
10037,Menu
10053,Home
10061,Menu
10062,Menu
10080,Setting
10084,Menu
10096,Setting
10100,Menu
10106,Profile
10113,Home
10122,Setting
10123,Home
10128,List
10132,Menu
10150,Setting
10168,Setting
10194,Menu
10196,List
10198,Menu
10203,Menu
10208,Login
10210,Profile
10211,Menu
10212,Menu
10214,Login
10216,Welcome
10218,Welcome
10220,Menu
10221,Login
10228,List
10234,Search
10237,List
10238,List
10247,Profile
10248,Home
10258,Login
10279,Profile
10280,Profile
10281,Login
10285,Setting
10287,Setting
10288,List
10291,Setting
10294,Setting
10307,Search
10352,Setting
10359,Search
10362,Login
10367,List
10372,List
10373,Menu
10374,List
10376,Search
10378,Menu
10379,List
10418,Menu
10424,Setting
10426,Setting
10427,Home
10430,Menu
10432,Profile
10481,Menu
10544,Search
10545,List
10554,Search
10560,Chat
10564,List
10584,Search
10592,List
10596,List
10596,Menu
10598,Home
10600,Search
10603,Menu
10609,Menu
10610,Search
10611,Login
10612,Menu
10613,Login
10614,Profile
10615,Setting
10616,Map
10640,Menu
10642,Menu
10646,Menu
10667,Search
10685,Map
10688,Map
10723,Home
10724,Menu
10725,Setting
10737,Map
10752,Menu
10760,Menu
10761,Menu
10762,Map
10775,List
10838,Home
10840,Menu
10842,Menu
10843,Menu
10846,Menu
10847,Menu
10852,Search
10855,Menu
10859,Menu
10860,Menu
10862,Menu
10863,Profile
10865,Menu
10869,Menu
10877,Menu
10878,Menu
10879,Home
10880,Setting
10882,Menu
10894,Login
10925,Map
10934,Setting
10960,List
10962,Menu
10982,Menu
10985,Profile
10996,Login
11002,Login
11003,List
11049,Setting
11055,Map
11057,Menu
11058,Menu
11059,Map
11082,Login
11082,Welcome
11088,Setting
11089,Login
11090,Menu
11091,Menu
11093,Menu
11094,Home
11098,Login
11101,Menu
11103,Menu
11107,Profile
11108,Menu
11113,Menu
11115,Menu
11120,Menu
11122,Profile
11133,Menu
11144,Map
11148,Menu
11231,Search
11233,Profile
11262,Menu
11263,Menu
11281,List
11282,Menu
11287,Login
11295,Profile
11309,Profile
11310,Setting
11320,List
11335,Search
11359,Search
11382,Chat
11383,List
11387,List
11389,Chat
11390,Chat
11393,List
11396,Chat
11398,Profile
11420,Welcome
11421,List
11436,Login
11453,Menu
11455,Menu
11456,List
11457,Map
11460,Menu
11463,Menu
11464,Menu
11466,Setting
11467,Search
11498,Menu
11502,Profile
11519,List
11520,Login
11521,List
11552,Welcome
11559,Welcome
11560,Login
11588,List
11592,Home
11593,Menu
11595,Menu
11620,Map
11623,Setting
11628,Map
11629,Menu
11630,Menu
11634,Login
11637,List
11643,List
11653,Home
11659,Home
11674,List
11707,List
11711,Search
11713,Menu
11728,Chat
11729,Chat
11738,Home
11740,List
11742,List
11750,Map
11751,List
11764,Menu
11801,Login
11805,Profile
11830,List
11840,Login
11846,List
11847,Menu
11851,List
11853,Menu
11855,Menu
11859,List
11862,Login
11870,List
11890,Map
11891,Map
11892,Map
11896,Login
11898,Map
11914,Menu
11915,Login
11917,Menu
11918,Home
11931,Home
11954,Setting
11958,Setting
11970,Home
11975,List
11977,List
11985,Home
12007,Menu
12012,Menu
12018,Home
12028,Menu
12029,Map
12030,Map
12034,Menu
12035,Menu
12037,Search
12054,List
12066,Menu
12071,Menu
12074,Map
12105,Setting
12134,Login
12138,Menu
12141,Menu
12145,Setting
12161,Search
12171,Login
12173,Setting
12176,Login
12179,Login
12189,Map
12229,Menu
12230,Search
12231,Login
12234,List
12237,List
12238,List
12240,Profile
12252,Setting
12257,Setting
12261,Menu
12271,Search
12273,Profile
12274,Search
12275,Profile
12276,Search
12278,Search
12279,Menu
12280,Profile
12284,List
12286,List
12287,List
12302,List
12304,Welcome
12309,Menu
12327,Map
12328,Welcome
12390,Map
12393,List
12396,Welcome
12398,Map
12404,Map
12407,Menu
12409,List
12412,Menu
12448,Search
12449,List
12452,Search
12453,Setting
12456,List
12507,Menu
12574,Search
12576,Menu
12577,Setting
12580,Menu
12583,Menu
12584,Setting
12594,Search
12596,Menu
12597,Menu
12598,Menu
12602,List
12603,Home
12607,Chat
12612,Login
12617,Profile
12619,Menu
12633,Home
12637,Login
12638,Setting
12641,List
12664,List
12672,Login
12675,Login
12678,Menu
12679,Menu
12683,Menu
12699,Menu
12701,List
12707,Search
12716,Home
12722,Home
12733,Login
12741,Login
12743,Home
12757,Home
12758,Home
12775,List
12778,List
12795,Setting
12796,List
12797,List
12802,List
12823,Login
12828,Profile
12837,List
12842,List
12860,Menu
12867,Menu
12871,Menu
12874,Menu
12883,Menu
12884,Menu
12885,Setting
12890,Home
12893,Login
12898,List
12904,Menu
12907,Menu
12908,Menu
12910,Menu
12913,Menu
12914,Setting
12915,Menu
12916,Menu
12918,Menu
12921,Search
12924,Profile
12926,Profile
12928,List
12933,Menu
12937,Menu
12939,Menu
12947,Menu
12949,Map
12952,Profile
12953,Setting
12954,Setting
12976,Home
12977,List
13000,List
13063,List
13083,Setting
13098,Menu
13103,Home
13107,Profile
13114,Home
13117,Profile
13143,Setting
13156,Home
13160,Map
13162,Setting
13218,List
13224,Menu
13230,Menu
13246,Menu
13252,Setting
13253,List
13257,Map
13258,Menu
13259,Map
13260,Login
13261,Setting
13300,Login
13301,Home
13303,Home
13319,Map
13326,Search
13328,List
13334,Menu
13337,Menu
13349,List
13364,List
13366,List
13367,List
13370,List
13407,List
13410,List
13416,Chat
13420,Login
13431,Welcome
13434,Login
13435,Login
13453,Setting
13455,Profile
13464,Login
13478,Menu
13482,Menu
13483,Menu
13484,Menu
13486,Menu
13547,Setting
13548,Menu
13551,Welcome
13555,Menu
13557,Welcome
13562,Menu
13564,Menu
13569,List
13574,Menu
13575,List
13576,Menu
13577,Menu
13578,List
13579,Home
13587,Home
13614,Setting
13617,Setting
13638,Menu
13644,Menu
13650,Menu
13655,Home
13690,Menu
13691,Menu
13695,Menu
13699,Home
13704,Menu
13705,Login
13707,Login
13708,Menu
13711,Setting
13719,Menu
13721,Menu
13722,List
13723,List
13727,List
13728,Setting
13741,Map
13742,Map
13747,List
13752,List
13754,Search
13765,List
13800,Profile
13830,Menu
13833,List
13838,Menu
13840,List
13847,Menu
13848,Menu
13849,List
13857,Menu
13859,List
13862,Login
13864,Menu
13865,Menu
13902,Home
13921,Login
13926,List
13951,List
13957,Menu
13972,Map
13974,Setting
13985,List
14019,Map
14040,List
14055,Home
14080,Setting
14084,Home
14085,Login
14085,Map
14091,Setting
14093,Login
14100,Setting
14119,Menu
14122,Menu
14141,Setting
14142,Login
14143,Login
14148,List
14152,Welcome
14188,Setting
14189,List
14190,Menu
14215,Menu
14234,Menu
14238,Welcome
14241,Menu
14247,List
14258,Login
14289,Welcome
14291,Home
14292,Search
14298,Login
14302,Login
14305,Chat
14310,List
14327,Map
14349,Menu
14352,Menu
14355,List
14360,Home
14370,Search
14423,Profile
14442,Login
14444,List
14458,List
14469,Login
14489,Home
14500,Profile
14511,Menu
14514,Login
14541,Search
14543,List
14546,Login
14549,Login
14550,List
14551,Chat
14553,List
14555,Chat
14566,List
14584,Menu
14585,Menu
14587,Menu
14588,Menu
14605,Menu
14610,Welcome
14615,Login
14617,Setting
14675,Menu
14682,Menu
14716,Search
14717,Search
14719,List
14720,Home
14728,Home
14731,Profile
14733,Search
14741,Menu
14747,Map
14748,Map
14749,Map
14750,Map
14750,Menu
14754,Login
14757,Home
14767,Map
14770,Search
14771,Map
14772,Map
14774,Map
14777,Map
14779,Home
14788,List
14792,Menu
14803,List
14808,Map
14828,List
14833,Map
14847,Login
14848,Map
14850,Home
14853,Map
14862,Login
14866,List
14889,Login
14903,Setting
14907,Map
14908,Map
14909,Setting
14911,Profile
14912,Login
14957,Home
14959,Search
14960,Menu
14961,Map
14963,Map
14965,Map
14966,Map
14967,Map
14987,Login
14990,Home
15001,List
15032,Menu
15040,Profile
15065,List
15093,Login
15103,Welcome
15105,Login
15121,Setting
15123,Welcome
15125,Map
15126,Map
15127,Map
15130,Home
15131,Login
15132,Map
15133,Home
15134,Map
15139,Map
15156,Search
15164,Chat
15166,Menu
15168,Chat
15170,Map
15172,Chat
15173,Profile
15175,Chat
15176,Home
15178,Chat
15179,Chat
15180,Chat
15184,Map
15187,Menu
15193,Home
15195,Map
15200,Menu
15208,Home
15250,Search
15251,Home
15257,Setting
15274,Home
15287,Map
15301,Login
15315,Profile
15318,Home
15320,Home
15325,Login
15332,Search
15336,Search
15361,List
15374,Home
15378,Menu
15382,Menu
15385,Menu
15386,Menu
15389,Menu
15392,Menu
15395,Search
15402,Setting
15428,Map
15433,List
15470,Home
15495,Search
15509,Login
15517,List
15518,Welcome
15520,Login
15524,Home
15535,Welcome
15536,Login
15553,Menu
15559,Welcome
15595,Chat
15615,Home
15652,Profile
15659,List
15660,Profile
15661,Menu
15666,Profile
15677,List
15684,Menu
15703,Setting
15761,Home
15774,Menu
15777,Menu
15778,Menu
15799,Login
15800,Login
15802,Profile
15833,Login
15851,Menu
15865,List
15869,Login
15873,Login
15880,Profile
15886,Menu
15887,Welcome
15889,Login
15898,Login
15900,Login
15904,Login
15907,Welcome
15930,Profile
15931,Profile
15932,Profile
15938,Profile
15946,Setting
15950,Search
15952,List
15958,Map
15963,Map
15969,Home
15975,Menu
15978,Menu
15981,Menu
15982,Menu
15987,Menu
16008,List
16009,List
16013,Setting
16015,List
16018,Menu
16020,Menu
16024,List
16037,Setting
16040,Menu
16041,Setting
16049,Home
16077,Chat
16080,Chat
16081,Chat
16085,Chat
16087,Profile
16102,Home
16112,Setting
16121,Menu
16127,Menu
16137,Menu
16140,Login
16173,Search
16208,Setting
16241,Login
16254,Login
16267,Profile
16291,Menu
16294,Map
16309,Menu
16311,Map
16317,Map
16318,Search
16319,Menu
16320,Menu
16321,Map
16322,Menu
16323,Menu
16330,List
16334,Welcome
16339,Profile
16340,Login
16342,Profile
16347,Search
16348,List
16350,Search
16351,Search
16363,Setting
16387,Profile
16388,Menu
16389,Menu
16441,List
16470,Setting
16471,Login
16499,Profile
16513,Menu
16515,List
16516,Menu
16519,List
16527,Menu
16529,Menu
16532,Login
16534,List
16558,Home
16566,Home
16583,Setting
16599,Menu
16601,Menu
16608,Menu
16619,Map
16626,Login
16631,Setting
16634,Setting
16639,Login
16640,Setting
16645,Setting
16648,Menu
16654,Welcome
16659,Login
16661,Map
16662,Welcome
16663,Home
16664,List
16667,Login
16679,Setting
16693,Menu
16705,Home
16718,Home
16725,Login
16734,Map
16740,Setting
16742,Map
16743,Map
16795,List
16810,Menu
16816,Menu
16819,Menu
16825,Menu
16837,Map
16839,Menu
16846,Menu
16848,Menu
16850,Profile
16851,Home
16855,Menu
16880,Menu
16881,List
16883,Map
16886,List
16887,Map
16890,Map
16892,Map
16894,Search
16897,Map
16898,Map
16900,Menu
16906,Welcome
16909,Home
16911,Map
16913,Map
16914,List
16915,Map
16964,List
16966,Setting
16984,Login
17000,Menu
17017,Menu
17018,Menu
17032,Menu
17033,Map
17036,Map
17044,Login
17050,Menu
17057,Menu
17072,Home
17073,Menu
17075,Login
17077,List
17083,Search
17085,Search
17087,Home
17091,Profile
17096,Menu
17099,Search
17101,Map
17105,Profile
17107,Map
17118,Home
17119,List
17123,Chat
17124,Menu
17125,Chat
17127,Chat
17131,Chat
17141,Menu
17147,Menu
17151,Menu
17152,Menu
17155,List
17158,Menu
17161,Profile
17165,List
17168,Menu
17169,Menu
17174,Menu
17182,Setting
17185,Home
17197,Profile
17202,Search
17251,Menu
17254,List
17255,Profile
17257,Home
17282,Login
17285,Profile
17290,Profile
17291,List
17303,Profile
17311,List
17314,List
17336,Menu
17347,Map
17355,List
17362,Welcome
17379,Profile
17381,Search
17384,Menu
17385,Login
17391,Menu
17392,Search
17395,Menu
17398,Menu
17400,List
17401,Welcome
17403,Menu
17430,Menu
17435,Menu
17437,Menu
17439,Menu
17440,Menu
17442,Search
17443,Menu
17461,Welcome
17491,Search
17493,Menu
17496,Menu
17544,Login
17550,Map
17558,Login
17570,Login
17602,Menu
17604,Login
17620,Login
17638,Map
17646,Home
17653,Login
17680,Search
17682,Search
17684,Map
17711,Setting
17721,Map
17724,Map
17727,Map
17745,Setting
17772,Login
17774,Setting
17783,Home
17785,Home
17798,Setting
17814,List
17821,List
17835,Login
17838,Login
17840,Login
17873,Profile
17884,Map
17885,Menu
17886,Map
17888,Menu
17911,Setting
17921,Menu
17927,Search
17942,Menu
17951,Menu
17954,Setting
17955,Setting
17958,Login
17959,Menu
17960,Menu
17961,Menu
17963,List
17969,Home
17972,Menu
18010,Login
18020,Login
18039,Menu
18042,Menu
18047,Menu
18068,Map
18073,Map
18081,Home
18109,Login
18113,Chat
18126,Menu
18144,Setting
18168,Setting
18185,Menu
18193,Menu
18194,Menu
18196,Menu
18207,Login
18223,Setting
18225,Setting
18259,Login
18262,Menu
18333,Menu
18338,Menu
18340,Menu
18353,Profile
18358,List
18377,List
18386,List
18401,Menu
18404,Search
18405,Menu
18407,Setting
18408,Search
18411,Login
18412,Search
18413,Search
18415,Menu
18416,Search
18418,Menu
18449,List
18451,List
18455,Search
18461,Login
18466,Home
18472,Setting
18483,Chat
18491,Setting
18512,List
18526,Setting
18534,Menu
18537,List
18560,Welcome
18562,Login
18564,Login
18570,List
18575,Profile
18582,List
18583,Profile
18586,Home
18587,Profile
18588,Profile
18589,Profile
18590,List
18593,List
18596,Profile
18599,Profile
18602,Setting
18603,List
18604,Map
18606,Setting
18607,Setting
18639,Menu
18640,List
18645,Menu
18646,Search
18647,Search
18650,List
18651,List
18652,List
18654,Menu
18660,Welcome
18661,Search
18664,List
18668,Menu
18672,Login
18674,Welcome
18676,List
18677,Chat
18680,Login
18698,List
18743,Setting
18763,Login
18764,Menu
18765,Menu
18766,Menu
18767,Menu
18772,Map
18781,Menu
18788,Setting
18792,List
18804,Setting
18815,Search
18821,Home
18831,Search
18832,Login
18833,Setting
18839,List
18858,Login
18864,Login
18865,Login
18869,Login
18875,Search
18876,List
18880,List
18884,List
18888,Search
18889,Profile
18891,Menu
18935,Login
18936,Login
18939,List
18941,List
18945,List
18947,Login
18953,Map
18955,Setting
18962,Login
18969,Home
18975,Map
19032,List
19032,Profile
19033,Home
19059,Map
19060,Map
19064,Map
19067,Map
19108,Login
19117,Login
19134,Search
19135,Map
19154,List
19158,Login
19183,Home
19190,Setting
19208,List
19215,List
19305,Profile
19306,Profile
19310,Login
19311,Login
19320,Setting
19335,Setting
19337,Setting
19340,Map
19342,Profile
19346,Setting
19347,Menu
19348,List
19353,Menu
19355,Menu
19359,Menu
19361,Menu
19366,Menu
19369,Setting
19383,Menu
19385,Home
19386,Menu
19392,Menu
19397,Login
19400,Menu
19421,Menu
19424,Menu
19431,List
19432,Login
19435,Profile
19440,Menu
19442,Login
19443,Menu
19448,Setting
19449,Setting
19452,Profile
19458,Welcome
19501,List
19506,List
19561,List
19576,List
19605,List
19614,Profile
19617,Chat
19619,Chat
19620,Menu
19624,Menu
19646,Welcome
19650,Chat
19651,Setting
19656,Menu
19658,Home
19662,Chat
19666,Home
19668,Chat
19671,Chat
19673,Profile
19689,Home
19691,Map
19704,List
19706,List
19707,List
19718,Welcome
19724,Chat
19726,Welcome
19730,Search
19758,Setting
19787,Profile
19789,Chat
19792,Profile
19794,Chat
19797,Chat
19798,Profile
19801,Chat
19803,Home
19823,Home
19829,Login
19838,Welcome
19839,List
19851,Setting
19859,Setting
19879,List
19882,Search
19909,Setting
19910,Setting
19919,Login
19922,Chat
19925,Login
19928,Chat
19929,Login
19930,Chat
19931,Chat
19932,Login
19933,Chat
19953,Map
19957,List
19958,List
19959,List
19964,List
19984,List
19996,Welcome
20001,Home
20005,Welcome
20006,Login
20008,List
20014,Home
20015,Login
20016,Profile
20050,Login
20056,Welcome
20061,Profile
20067,List
20096,Home
20103,Welcome
20107,Login
20139,Profile
20141,List
20148,Profile
20162,List
20163,Search
20164,Chat
20164,List
20171,List
20172,Setting
20177,Welcome
20178,Setting
20231,Login
20233,Login
20234,Login
20234,Welcome
20286,List
20333,Setting
20375,List
20380,List
20384,List
20386,List
20419,List
20420,List
20421,Map
20427,Menu
20439,List
20450,Search
20476,Menu
20488,Search
20493,List
20494,Home
20498,List
20501,List
20521,List
20522,List
20538,Menu
20544,Home
20549,Chat
20553,List
20558,Setting
20594,List
20603,List
20621,Setting
20635,List
20636,List
20639,List
20641,List
20652,List
20683,Login
20748,Home
20780,Profile
20781,Setting
20782,Profile
20801,Map
20805,Welcome
20807,Welcome
20811,Welcome
20842,Setting
20870,Map
20880,Map
20882,Welcome
20889,Search
20891,Menu
20901,Welcome
20904,Home
20909,Welcome
20910,Login
20914,Welcome
20943,Map
20948,Home
20954,Home
20971,Home
20975,Home
20977,Map
20983,Welcome
21027,Setting
21043,Welcome
21050,Profile
21051,Welcome
21056,List
21057,Home
21070,Chat
21070,List
21086,Map
21088,List
21096,List
21103,Profile
21107,Map
21120,Login
21128,Login
21141,Welcome
21172,List
21186,List
21187,Welcome
21189,Login
21222,List
21227,Home
21230,Setting
21238,List
21243,Welcome
21260,List
21262,Chat
21265,List
21269,List
21300,Welcome
21312,Home
21313,Profile
21328,Setting
21334,List
21338,Login
21343,List
21346,List
21349,Search
21400,List
21409,Home
21428,List
21438,Login
21444,Login
21445,Login
21446,Search
21452,Home
21483,Chat
21496,Login
21508,Welcome
21510,Home
21515,Search
21517,Welcome
21525,Search
21543,List
21544,Home
21547,Login
21562,Welcome
21571,Login
21577,Welcome
21578,Login
21580,Login
21598,Setting
21599,Search
21602,Home
21607,Search
21642,Home
21652,Login
21654,Login
21654,Welcome
21655,Welcome
21665,List
21667,List
21671,Home
21672,Welcome
21714,Map
21717,Map
21723,Map
21727,Home
21753,Login
21784,Menu
21785,Menu
21807,List
21811,List
21818,Login
21819,Login
21820,Profile
21833,List
21845,Setting
21847,Setting
21874,List
21875,Setting
21885,Home
21887,Login
21923,List
21936,Chat
21937,Profile
21941,Welcome
21945,List
21981,Search
22006,Map
22024,Welcome
22028,Home
22032,Login
22053,Search
22054,Search
22059,Profile
22067,Search
22075,Home
22082,Login
22132,Home
22137,List
22143,Login
22150,Search
22176,Profile
22210,Setting
22226,Search
22258,Profile
22274,List
22291,List
22304,Menu
22305,Menu
22309,Menu
22312,Menu
22313,Chat
22319,List
22320,List
22322,Menu
22326,List
22333,Menu
22338,List
22342,Login
22343,Menu
22347,Setting
22432,Home
22440,Login
22442,Welcome
22443,Login
22453,Profile
22458,Profile
22481,List
22482,Profile
22487,Menu
22493,Welcome
22500,Welcome
22506,Login
22531,List
22543,Home
22556,List
22558,List
22577,List
22592,Login
22620,Map
22638,Setting
22642,Profile
22658,Map
22685,Search
22691,List
22726,List
22730,Search
22750,Map
22751,Map
22753,Menu
22755,Map
22759,Login
22780,Map
22781,Map
22791,Setting
22818,Map
22865,List
22869,List
22872,List
22873,List
22874,List
22881,List
22909,Setting
22914,List
22943,List
22951,Home
22958,Home
22980,List
23006,Home
23011,Home
23012,Profile
23042,Login
23072,List
23074,Menu
23081,List
23084,Chat
23135,Search
23141,Search
23165,Home
23167,List
23177,Menu
23179,List
23181,Welcome
23205,Setting
23206,Login
23218,Chat
23219,Chat
23225,Profile
23231,Welcome
23236,Login
23248,Home
23250,Welcome
23255,Home
23271,Home
23301,Map
23324,List
23328,List
23330,List
23331,Search
23355,List
23368,List
23371,Search
23384,Search
23400,Map
23409,Setting
23423,Home
23439,List
23446,List
23460,Search
23461,Search
23467,Setting
23474,Search
23480,List
23492,Login
23499,List
23502,List
23529,Map
23531,Home
23533,List
23540,Home
23545,List
23566,List
23572,Home
23578,Home
23579,Home
23580,Welcome
23591,Profile
23597,Welcome
23599,Welcome
23602,Home
23645,Login
23650,Chat
23654,Search
23691,Login
23693,Search
23694,Search
23696,Search
23700,Search
23735,Login
23764,Setting
23768,Setting
23770,Search
23771,Search
23773,Login
23785,List
23793,Login
23798,List
23799,Home
23801,Profile
23806,Login
23808,Setting
23853,List
23860,Search
23870,Search
23887,Profile
23909,Map
23935,Login
23938,Login
23940,Login
23941,List
23944,Login
23981,List
23983,List
23988,List
24001,List
24002,Profile
24004,Menu
24007,Setting
24012,List
24020,List
24024,Login
24026,Login
24036,Search
24048,Search
24053,Setting
24065,Home
24069,Profile
24087,Home
24094,Welcome
24095,List
24098,Login
24130,Chat
24142,List
24143,List
24144,Search
24147,List
24191,Welcome
24192,Welcome
24193,Welcome
24195,Setting
24243,Home
24246,Menu
24247,List
24250,Menu
24251,Menu
24269,Menu
24273,List
24290,List
24292,Home
24300,List
24319,Home
24331,List
24336,Welcome
24394,Search
24449,List
24455,List
24458,Profile
24466,Search
24472,Search
24495,List
24565,Welcome
24579,Menu
24602,Login
24611,Login
24615,Map
24620,Welcome
24654,Setting
24658,Setting
24701,Menu
24745,Login
24753,Setting
24757,List
24759,List
24765,Login
24786,Setting
24787,Menu
24788,Setting
24789,Menu
24797,List
24804,List
24826,Search
24856,Menu
24859,Login
24878,Login
24885,Welcome
24895,Welcome
24896,Profile
24900,Welcome
24905,List
24921,List
25010,List
25013,Welcome
25022,Setting
25026,Map
25032,Search
25033,Map
25052,List
25069,List
25075,Search
25095,Setting
25106,List
25113,Map
25114,Login
25115,Welcome
25118,Profile
25137,List
25140,Setting
25154,Setting
25167,Setting
25170,Setting
25173,Login
25174,Home
25175,Login
25176,Map
25182,List
25184,Home
25186,Home
25190,Home
25191,Home
25192,Map
25195,Login
25207,List
25212,List
25224,List
25227,Welcome
25230,Chat
25253,Login
25302,Setting
25311,List
25314,List
25320,List
25321,List
25322,List
25327,Chat
25327,Home
25328,Chat
25333,Welcome
25340,Setting
25341,Welcome
25346,Search
25349,Setting
25365,Welcome
25385,List
25391,List
25408,List
25419,Search
25420,Setting
25425,Login
25437,Welcome
25482,Login
25485,Chat
25495,Login
25502,Login
25507,Login
25534,Setting
25536,List
25542,List
25544,Menu
25545,List
25568,Setting
25572,Welcome
25587,Welcome
25596,Welcome
25607,Login
25616,List
25619,Search
25620,Search
25623,List
25626,Search
25640,Setting
25643,Login
25663,List
25664,Search
25696,Setting
25699,Setting
25728,List
25730,Setting
25749,Map
25752,Home
25758,Map
25782,Login
25792,Search
25804,Login
25812,Setting
25819,List
25821,Home
25822,List
25823,List
25824,List
25830,Welcome
25831,Search
25835,List
25837,List
25866,Setting
25869,List
25872,Welcome
25873,Welcome
25875,Home
25876,Welcome
25892,Welcome
25912,Welcome
25919,Menu
25922,Welcome
25924,List
25926,List
25927,Welcome
25931,List
25950,Welcome
25957,Search
25959,Home
25988,Chat
26007,Menu
26012,Welcome
26038,Login
26060,Search
26062,Profile
26070,Login
26081,Home
26101,Search
26107,Profile
26112,Menu
26115,Map
26120,Menu
26121,List
26123,Home
26131,Map
26135,Map
26137,Welcome
26141,List
26143,List
26180,List
26195,Welcome
26200,Home
26203,Welcome
26211,Login
26234,Welcome
26235,Welcome
26239,Search
26243,Home
26244,Home
26249,Welcome
26255,Welcome
26267,Login
26284,Profile
26287,Setting
26293,Setting
26322,Map
26355,Setting
26392,Home
26401,Home
26425,Home
26431,Welcome
26444,Home
26457,Search
26463,List
26466,Setting
26477,Setting
26482,Setting
26516,Login
26528,Welcome
26541,Welcome
26546,Setting
26552,Home
26564,Setting
26575,Setting
26580,Chat
26620,Setting
26629,Map
26638,Home
26644,Setting
26646,Welcome
26657,Chat
26661,Login
26692,Chat
26711,Chat
26721,Login
26726,Login
26740,Welcome
26757,Search
26763,Setting
26767,Login
26775,Home
26778,Welcome
26780,List
26782,Welcome
26788,List
26792,Login
26795,Welcome
26797,Home
26799,Welcome
26804,List
26826,Setting
26829,Setting
26830,Welcome
26857,Welcome
26860,Home
26876,Chat
26878,Menu
26905,Map
26933,List
26937,Search
26939,List
26962,Welcome
27043,Home
27046,Menu
27048,Setting
27050,Home
27070,Welcome
27075,Setting
27079,Setting
27106,Home
27136,Welcome
27138,Setting
27146,Setting
27151,Search
27152,Search
27153,Search
27155,List
27168,List
27175,Map
27211,Welcome
27217,Welcome
27218,Welcome
27228,Welcome
27234,Map
27237,Map
27247,Home
27248,List
27254,Login
27260,List
27282,Home
27314,Map
27316,Home
27317,Setting
27320,Map
27323,Setting
27336,Home
27341,Home
27346,Welcome
27354,Search
27358,Welcome
27360,Search
27362,Chat
27365,Search
27375,Setting
27376,Chat
27377,Chat
27381,Chat
27399,Setting
27471,Search
27496,Map
27506,Setting
27507,Setting
27512,Setting
27516,Setting
27522,Setting
27594,List
27594,Search
27595,Search
27602,Menu
27614,Profile
27622,Setting
27646,Welcome
27678,Home
27703,Login
27708,Setting
27712,Chat
27760,Home
27772,Setting
27774,Welcome
27776,List
27788,List
27794,List
27807,List
27812,Map
27819,Profile
27827,List
27835,Setting
27857,List
27863,Setting
27866,List
27873,List
27877,Chat
27883,Setting
27884,Menu
27886,Home
27894,Login
27901,Welcome
27903,List
27916,Welcome
27920,Search
27932,List
27951,List
27956,Setting
27961,Setting
27979,List
27990,Profile
27994,List
27998,Welcome
28000,List
28011,Setting
28023,Profile
28025,Profile
28030,Profile
28041,Setting
28086,Search
28104,List
28110,List
28113,Profile
28117,Login
28120,List
28135,List
28155,List
28156,Welcome
28177,Welcome
28204,Setting
28221,Profile
28225,List
28244,Search
28256,Welcome
28257,Setting
28292,Setting
28298,Map
28353,Home
28406,Search
28409,Welcome
28413,Home
28433,Setting
28443,Welcome
28446,Home
28481,List
28493,List
28495,Welcome
28499,Welcome
28528,Login
28535,Welcome
28539,Map
28548,Setting
28601,Welcome
28602,Welcome
28603,List
28607,List
28610,List
28614,Chat
28617,Search
28619,Map
28623,Home
28629,Home
28642,Login
28649,Home
28650,List
28652,Profile
28703,Home
28741,Home
28747,Home
28762,Setting
28771,Home
28782,Search
28792,Setting
28800,List
28833,Map
28895,List
28913,Map
28917,Search
28928,Map
28931,Map
28947,Map
28999,Login
29002,Login
29025,List
29050,Setting
29051,Home
29053,Profile
29055,Home
29057,Welcome
29058,Home
29067,Setting
29070,Profile
29073,Setting
29074,Login
29090,List
29154,Welcome
29158,Welcome
29161,Login
29161,Welcome
29170,List
29179,Home
29183,Login
29234,Home
29244,Welcome
29274,Home
29277,Login
29297,Setting
29311,Map
29313,Search
29314,Map
29321,Login
29322,Home
29335,Map
29337,List
29346,Search
29363,Welcome
29390,Setting
29459,Home
29460,Login
29465,Profile
29472,List
29481,Login
29483,Setting
29484,Welcome
29487,Login
29488,Welcome
29508,Welcome
29510,Welcome
29535,Profile
29573,List
29584,Setting
29585,Search
29592,Search
29595,Map
29647,Map
29662,Login
29675,Home
29704,Chat
29760,Chat
29761,Chat
29767,Search
29792,List
29797,Home
29803,Map
29815,Login
29858,Login
29865,List
29880,Login
29887,Map
29889,Search
29901,Login
29918,Profile
29947,List
29949,Login
29958,Home
29976,Home
29983,Menu
29992,Menu
30006,List
30007,Menu
30016,Chat
30019,Login
30026,Menu
30031,Login
30035,Login
30037,List
30042,Login
30083,Chat
30094,Login
30100,Setting
30102,Login
30110,Home
30118,Home
30200,Login
30218,Login
30240,Login
30249,Profile
30251,Profile
30259,Chat
30262,Home
30273,Login
30298,Search
30302,List
30310,Home
30368,List
30400,Home
30406,Home
30416,Map
30429,Home
30450,Login
30474,Login
30482,Search
30485,Search
30487,Search
30515,Profile
30517,Chat
30518,Login
30526,Login
30528,Chat
30530,Setting
30549,List
30550,List
30552,List
30577,List
30585,Setting
30598,Home
30601,Setting
30602,Profile
30612,Profile
30620,Search
30626,List
30627,Search
30648,Setting
30673,Login
30679,Home
30687,List
30698,List
30699,Search
30728,Setting
30729,Setting
30745,Profile
30748,Map
30751,Chat
30752,Chat
30753,Chat
30758,Chat
30759,Chat
30760,Chat
30761,Chat
30764,Login
30765,Chat
30766,Chat
30767,Chat
30823,Chat
30856,List
30879,Login
30929,Map
30998,Search
30999,Search
31000,Search
31002,List
31002,Search
31005,Profile
31006,Setting
31033,Setting
31044,Home
31046,Profile
31051,Profile
31071,Chat
31075,Setting
31104,Profile
31135,Setting
31182,Search
31214,Login
31216,List
31245,Login
31291,Search
31333,Login
31399,Login
31401,Setting
31409,Setting
31410,Profile
31428,Profile
31518,Profile
31521,Profile
31542,Chat
31548,Search
31582,Chat
31593,Home
31604,Search
31610,Home
31616,Home
31619,Map
31620,Map
31630,List
31636,Map
31778,Chat
31782,Chat
31815,Login
31842,Home
31865,Map
31872,Map
31875,Search
31881,Home
31893,Setting
31896,Menu
31897,Map
31917,Map
31918,Map
31919,Map
31920,Map
31933,Search
31936,Chat
31941,Setting
31942,Search
31958,Home
31979,Map
31980,Login
32002,Login
32049,Login
32055,Menu
32065,Search
32066,Login
32071,Login
32077,Login
32078,Login
32091,Setting
32100,Home
32115,Menu
32148,Search
32149,Setting
32153,List
32157,Search
32175,Menu
32189,Login
32190,Profile
32191,Profile
32193,Home
32207,Profile
32215,Home
32216,Home
32226,Setting
32237,Setting
32269,List
32308,List
32315,Chat
32337,Login
32348,Search
32406,Search
32428,Home
32464,Chat
32467,Chat
32469,Chat
32470,Profile
32471,Chat
32472,Chat
32498,Profile
32499,Chat
32500,Login
32501,Chat
32502,Chat
32570,Profile
32571,Profile
32588,Setting
32589,Setting
32619,Setting
32637,Login
32714,Profile
32715,Profile
32729,Login
32730,Login
32734,List
32734,Search
32735,Profile
32737,Welcome
32739,Login
32755,Search
32764,Search
32795,Login
32800,Home
32805,Home
32808,List
32809,Welcome
32828,Welcome
32868,Welcome
32880,Home
32890,Menu
32894,Map
32924,Map
32936,List
32938,List
32963,List
32966,List
32970,List
33012,Menu
33029,Home
33032,Map
33034,Map
33035,Home
33039,Search
33058,Login
33058,Welcome
33063,Welcome
33064,List
33068,Welcome
33123,Login
33125,Welcome
33132,Home
33138,Setting
33139,Welcome
33154,Map
33156,Map
33186,Welcome
33192,Setting
33230,Welcome
33236,Welcome
33242,Welcome
33268,Login
33269,Login
33274,Setting
33289,List
33291,Login
33292,Login
33294,Welcome
33299,Profile
33303,Welcome
33304,Welcome
33313,Home
33317,Welcome
33328,Home
33330,Home
33336,Login
33339,Profile
33356,Welcome
33393,Welcome
33395,Setting
33397,Welcome
33423,Setting
33461,Setting
33468,Home
33471,Home
33472,Welcome
33485,List
33519,List
33531,List
33536,Profile
33543,Welcome
33554,Welcome
33561,Home
33575,Search
33579,Home
33603,Login
33614,Login
33639,Home
33685,Welcome
33686,Welcome
33688,Home
33689,List
33692,List
33695,Setting
33709,Login
33720,Map
33722,Home
33745,Setting
33766,Profile
33768,Welcome
33771,Map
33774,List
33777,Setting
33778,List
33799,Welcome
33801,Chat
33805,Chat
33834,Search
33840,List
33875,Map
33912,Welcome
33915,Welcome
33918,Menu
33924,Welcome
33926,List
33929,List
33932,List
33934,Welcome
33941,List
33943,Welcome
33974,Welcome
33983,Home
33985,Home
33999,Home
34010,Map
34017,Login
34019,Search
34026,Login
34029,Profile
34033,Login
34047,Welcome
34051,Welcome
34052,Chat
34078,Welcome
34086,List
34089,Home
34090,Login
34164,Login
34165,Login
34185,Profile
34202,Login
34205,Login
34211,Chat
34214,Profile
34215,Profile
34218,Profile
34223,Login
34223,Welcome
34225,Profile
34226,Home
34270,Welcome
34306,Login
34307,Welcome
34308,Home
34311,Menu
34313,Login
34321,List
34322,Map
34324,List
34330,Home
34333,Menu
34337,Home
34343,Profile
34344,Login
34351,Setting
34352,Setting
34358,Search
34359,Search
34370,Welcome
34377,List
34386,Welcome
34389,Login
34398,Setting
34401,List
34402,Profile
34403,List
34407,List
34408,Profile
34414,List
34421,List
34422,Home
34426,List
34428,Setting
34434,Search
34461,List
34475,Welcome
34484,Home
34488,Login
34490,Welcome
34493,Login
34503,Home
34506,Welcome
34509,Profile
34518,Home
34519,Profile
34521,Home
34527,Search
34532,List
34535,Welcome
34541,Login
34571,Login
34579,Login
34583,List
34584,Login
34586,Search
34588,Welcome
34595,Menu
34598,List
34601,List
34603,Home
34609,Search
34616,Profile
34645,List
34650,Login
34651,List
34658,Home
34661,Login
34711,Setting
34752,List
34756,Home
34757,Login
34759,Welcome
34765,Welcome
34771,Login
34778,List
34781,Menu
34782,List
34787,List
34788,List
34789,Home
34797,Home
34798,Login
34802,Login
34810,List
34836,Search
34866,Menu
34879,Welcome
34882,Search
34884,List
34889,Welcome
34895,Home
34915,Welcome
34929,Search
34935,Login
34943,Setting
34968,Search
34970,Login
34998,Home
35007,Home
35031,Profile
35032,Welcome
35048,Setting
35051,Setting
35058,Home
35065,Map
35072,Chat
35074,Setting
35090,Chat
35091,Welcome
35113,Welcome
35114,Home
35150,Login
35156,Home
35158,Welcome
35160,Map
35170,Home
35184,Profile
35185,Setting
35191,Profile
35205,List
35208,Profile
35218,Menu
35222,Home
35225,Login
35244,Setting
35247,Setting
35267,Map
35269,Profile
35271,Setting
35274,Login
35277,Welcome
35279,Login
35284,Login
35285,Profile
35321,Setting
35342,Setting
35350,Search
35356,Welcome
35364,Home
35373,Setting
35390,Welcome
35391,Home
35417,Search
35424,Search
35425,Profile
35442,Welcome
35443,Home
35446,List
35449,Search
35453,Map
35472,List
35492,Login
35502,Login
35514,Home
35541,Home
35550,Welcome
35572,Search
35576,Setting
35592,Map
35604,Welcome
35608,Home
35609,Menu
35632,Map
35640,Menu
35647,Setting
35650,List
35657,Welcome
35665,Login
35672,Setting
35673,Welcome
35684,Home
35697,Menu
35716,Profile
35721,Home
35725,Home
35734,Welcome
35771,Setting
35811,List
35817,List
35819,Welcome
35833,Home
35854,Profile
35881,Login
35884,Welcome
35894,Login
35910,Login
35914,Welcome
35950,Search
35954,Setting
35967,Search
35985,Search
35990,Welcome
35993,Menu
36002,Search
36012,Search
36020,Setting
36044,Setting
36050,Login
36071,Welcome
36080,Login
36091,Welcome
36099,Login
36120,Welcome
36125,Map
36126,Login
36132,Setting
36134,Search
36136,Profile
36151,Search
36153,Setting
36162,Welcome
36167,Home
36184,Chat
36188,Welcome
36198,Welcome
36215,Welcome
36241,Home
36256,Home
36268,Welcome
36269,Welcome
36270,Welcome
36273,Welcome
36275,Welcome
36293,List
36296,Search
36317,Setting
36355,Profile
36358,Login
36366,Welcome
36373,Profile
36376,Welcome
36379,Login
36380,Profile
36404,Setting
36405,Search
36416,Chat
36423,Home
36425,Search
36441,List
36450,Home
36467,Search
36472,Welcome
36475,Setting
36484,Login
36495,Map
36496,Map
36504,Setting
36505,Setting
36516,Welcome
36525,Login
36528,Welcome
36536,Login
36544,List
36547,Welcome
36548,List
36563,Welcome
36565,Profile
36573,Setting
36576,Setting
36633,Home
36634,Home
36653,Map
36656,Welcome
36662,Setting
36664,List
36665,Setting
36685,Welcome
36698,Welcome
36703,Setting
36705,Setting
36736,Home
36766,Map
36772,Map
36773,Search
36774,Welcome
36802,Setting
36807,Welcome
36830,Login
36831,Welcome
36832,List
36840,Setting
36843,Welcome
36846,Welcome
36847,Welcome
36854,Search
36857,Login
36858,Search
36868,List
36872,Welcome
36889,Login
36897,List
36917,Profile
36918,List
36923,List
36925,Login
36930,List
36941,Setting
36973,Profile
36976,Login
36977,Login
36981,List
37021,List
37025,Home
37026,Setting
37035,Home
37060,Login
37062,Home
37069,List
37077,Login
37083,Home
37090,Chat
37091,Search
37094,Search
37095,Search
37117,List
37131,Home
37135,Setting
37138,Setting
37147,Home
37173,Search
37182,List
37206,Welcome
37226,Profile
37227,Home
37239,Home
37255,Setting
37257,Setting
37269,Login
37272,Search
37276,Profile
37278,Home
37279,Home
37280,Welcome
37288,Setting
37292,Setting
37348,Map
37361,Welcome
37363,List
37372,Home
37376,List
37376,Menu
37413,Profile
37429,Setting
37430,Home
37448,Setting
37465,Welcome
37468,Welcome
37484,Welcome
37494,Home
37507,List
37509,Setting
37517,Setting
37519,Profile
37520,List
37522,Login
37541,Profile
37545,Home
37552,Welcome
37554,Welcome
37563,Welcome
37578,Login
37583,Menu
37588,Chat
37591,Login
37625,Welcome
37641,Welcome
37651,Welcome
37656,Setting
37682,Search
37690,Profile
37705,Chat
37707,List
37708,Welcome
37724,Welcome
37728,Profile
37731,Login
37731,Welcome
37743,Search
37787,Map
37790,Map
37880,List
37883,Menu
37885,Menu
37886,Welcome
37895,Search
37898,Profile
37904,List
37913,Profile
37914,Welcome
37915,Welcome
37918,Profile
37922,Profile
37940,List
37945,Login
37993,Chat
38000,Chat
38009,Welcome
38010,Profile
38015,Search
38049,Login
38087,Login
38090,Home
38092,Login
38147,Search
38150,Home
38152,Search
38154,Home
38157,Search
38158,Login
38159,List
38186,Setting
38196,Home
38204,Home
38206,Welcome
38240,Login
38250,Profile
38281,List
38282,Login
38284,Login
38285,Login
38286,Welcome
38287,Menu
38289,Chat
38293,Chat
38294,Chat
38295,Menu
38296,Chat
38300,List
38321,Setting
38323,Search
38326,Search
38330,List
38337,Search
38338,Search
38340,Search
38355,Welcome
38358,Welcome
38363,Chat
38383,List
38388,List
38404,List
38405,Login
38430,Welcome
38437,Home
38439,List
38441,List
38443,Welcome
38463,Welcome
38507,Home
38514,Welcome
38515,List
38523,Welcome
38534,Welcome
38538,Profile
38539,Profile
38560,Home
38567,Setting
38574,Menu
38575,Menu
38585,Profile
38589,Welcome
38592,Home
38594,List
38634,List
38654,Login
38655,Login
38657,Welcome
38658,Welcome
38688,Home
38714,List
38735,Login
38743,Home
38744,Welcome
38747,Login
38748,Map
38750,Profile
38782,Setting
38792,List
38818,Home
38819,Profile
38839,Welcome
38840,Login
38859,Search
38861,Search
38862,Map
38908,Home
38916,Setting
38917,Map
38927,Welcome
38940,Welcome
38958,Welcome
38959,Welcome
38961,Home
38964,Login
38968,List
38986,Setting
38987,List
39008,Welcome
39009,Home
39020,Welcome
39024,Setting
39058,Profile
39081,Setting
39092,Setting
39096,Setting
39108,Welcome
39122,Welcome
39123,Login
39125,Login
39127,Home
39138,Setting
39148,Home
39149,Setting
39192,Home
39194,Login
39223,Profile
39228,Welcome
39236,Chat
39236,List
39238,Login
39239,Profile
39241,Setting
39243,Welcome
39276,Welcome
39279,Login
39281,Home
39282,Welcome
39318,Search
39322,Login
39335,Home
39338,Search
39342,Map
39344,Home
39407,List
39414,Login
39423,List
39430,List
39437,Home
39450,Home
39457,Welcome
39458,Search
39461,Map
39464,Home
39467,Welcome
39471,Login
39473,Setting
39478,List
39520,Welcome
39521,Profile
39523,Login
39524,Profile
39536,Login
39537,Login
39557,Welcome
39570,Login
39572,Login
39600,Menu
39606,Login
39673,Welcome
39687,Home
39692,List
39694,Home
39697,Setting
39704,Login
39729,Login
39732,Profile
39739,Setting
39749,Home
39754,Setting
39771,Welcome
39813,Profile
39817,Login
39824,Search
39825,Welcome
39830,Login
39849,Login
39865,Home
39878,Map
39880,Menu
39886,Menu
39896,Welcome
39897,Welcome
39909,Welcome
39933,Search
39936,Search
39937,List
39940,List
39941,List
39943,List
39944,Welcome
39947,List
40008,Profile
40010,Profile
40025,List
40060,Setting
40062,Search
40096,Setting
40102,Profile
40104,Login
40107,Map
40110,List
40112,Profile
40144,Login
40150,Welcome
40169,Home
40176,Setting
40184,Setting
40205,Search
40234,Home
40235,Chat
40238,Home
40239,Chat
40257,Search
40261,Login
40266,Login
40299,Setting
40307,Search
40336,Login
40342,List
40352,Welcome
40361,Chat
40371,Home
40374,List
40386,Chat
40390,Chat
40391,Chat
40394,Chat
40410,Login
40413,Map
40418,List
40446,Login
40449,Map
40450,Map
40451,Map
40452,Map
40454,Map
40455,Map
40491,Welcome
40495,Profile
40497,Home
40500,Profile
40524,Search
40526,Setting
40527,Search
40538,Login
40540,Login
40543,Home
40544,Profile
40546,Search
40550,Chat
40553,Home
40560,Profile
40562,Login
40564,Welcome
40568,Login
40572,Welcome
40576,Search
40578,Profile
40580,Search
40581,Search
40613,Map
40624,Chat
40627,Profile
40646,Search
40659,Home
40671,Setting
40676,Home
40689,Login
40691,Welcome
40695,Home
40713,Chat
40717,Search
40718,Home
40728,List
40728,Search
40731,Search
40735,Search
40781,Setting
40794,Map
40803,Welcome
40804,Map
40841,Welcome
40862,Welcome
40875,Welcome
40881,Login
40890,Setting
40891,Setting
40892,Chat
40895,Chat
40928,Login
40931,Login
40945,Login
40946,Login
40947,Home
41024,Home
41049,Welcome
41105,Login
41109,Welcome
41113,Chat
41170,Welcome
41174,Profile
41176,Home
41177,Home
41183,Setting
41189,Welcome
41190,Home
41194,Home
41197,Home
41200,Home
41204,Search
41205,Welcome
41217,Welcome
41255,Home
41256,Chat
41259,Chat
41261,Setting
41263,Home
41264,Welcome
41270,Chat
41271,Chat
41279,Chat
41283,Chat
41284,Map
41294,Map
41295,Map
41297,Search
41299,Map
41305,Map
41318,Map
41404,Setting
41419,Login
41420,Login
41463,Setting
41472,Login
41494,Login
41554,Login
41562,Setting
41582,Search
41597,Search
41598,Welcome
41620,Welcome
41624,Home
41629,Home
41636,Welcome
41638,Login
41668,Map
41672,Setting
41682,Welcome
41712,Search
41738,Map
41743,List
41765,Map
41783,Login
41800,Home
41813,Welcome
41845,Search
41872,Welcome
41874,Search
41916,Welcome
41920,Home
41924,Welcome
41937,Setting
41945,Welcome
41987,Welcome
42011,Search
42012,Map
42020,List
42033,Home
42038,Home
42046,Welcome
42054,Profile
42067,Login
42074,Login
42074,Welcome
42100,Search
42107,Map
42114,Welcome
42122,Login
42136,Welcome
42154,Search
42160,Home
42171,Search
42188,Welcome
42197,Setting
42205,Profile
42208,Setting
42214,Home
42229,Home
42251,Home
42252,Home
42254,Home
42272,Welcome
42289,Search
42290,Setting
42291,Home
42341,Home
42345,Welcome
42347,Login
42359,Home
42363,Home
42369,Home
42394,List
42396,Chat
42400,Welcome
42403,Welcome
42412,Home
42427,Profile
42431,Chat
42436,Setting
42442,Search
42456,List
42468,List
42485,Login
42486,Login
42491,Welcome
42492,Menu
42494,Profile
42495,Chat
42496,Chat
42498,Welcome
42504,Map
42511,Login
42512,Chat
42521,Search
42528,Login
42536,Welcome
42538,Home
42547,Map
42548,Map
42549,List
42552,Map
42554,Map
42557,Map
42558,Map
42559,Map
42623,Menu
42624,Login
42634,Login
42640,List
42664,Login
42679,Home
42689,Welcome
42692,Welcome
42705,Profile
42711,Search
42715,Login
42746,Home
42783,Welcome
42810,Search
42817,Welcome
42819,Login
42844,Login
42936,Chat
42937,Home
42949,Setting
42972,Welcome
42973,Welcome
42979,Welcome
42992,Login
43003,Login
43022,Welcome
43034,Setting
43042,Home
43049,Home
43079,Setting
43081,Chat
43094,Profile
43095,Login
43096,Search
43104,Profile
43105,Home
43147,Menu
43148,Menu
43170,Home
43173,Login
43195,Profile
43199,Login
43213,Home
43262,Login
43300,Chat
43301,Setting
43312,Welcome
43317,Setting
43325,Welcome
43326,Map
43338,Welcome
43339,Menu
43346,Home
43354,Search
43356,Search
43365,Search
43371,Map
43381,Welcome
43383,Welcome
43386,Login
43390,Welcome
43405,Chat
43407,Profile
43409,Chat
43412,Login
43459,Map
43461,Map
43462,Profile
43463,Search
43468,Welcome
43488,Welcome
43590,Chat
43591,Search
43594,Setting
43596,Welcome
43597,Welcome
43609,Map
43610,Map
43632,Welcome
43649,Welcome
43651,Welcome
43662,Search
43664,Search
43669,Search
43671,Search
43674,Search
43710,Menu
43712,Home
43724,Welcome
43725,Welcome
43736,Login
43765,Welcome
43768,Chat
43769,Profile
43777,Chat
43786,Chat
43789,Chat
43791,Chat
43794,Chat
43796,Login
43806,Welcome
43817,Home
43818,List
43836,Welcome
43837,Profile
43839,Welcome
43860,Search
43864,Setting
43870,Map
43874,Login
43892,Menu
43911,Welcome
43931,Login
43935,Welcome
43956,Profile
43958,Login
43977,Profile
43979,Search
43985,Search
43987,Search
44005,Chat
44029,Home
44053,Search
44055,Search
44121,Welcome
44124,Welcome
44128,Welcome
44137,Setting
44148,Welcome
44149,Profile
44186,Search
44187,Login
44203,Map
44207,Setting
44213,Welcome
44218,Home
44241,Welcome
44248,Home
44255,Login
44267,Search
44269,Search
44290,Login
44308,Welcome
44324,Welcome
44332,List
44338,Map
44345,Setting
44346,Welcome
44347,Home
44349,Home
44352,Home
44355,Welcome
44359,Setting
44369,Search
44370,Login
44381,Search
44383,Search
44384,Search
44390,List
44391,Search
44394,Search
44396,Home
44398,Search
44399,Search
44405,Login
44406,Search
44421,Welcome
44422,Welcome
44423,Profile
44426,Home
44437,Home
44442,Home
44448,Home
44451,Login
44466,Login
44468,Home
44511,Home
44512,Home
44514,Home
44522,Home
44525,Login
44535,Login
44543,Search
44552,Login
44554,Welcome
44567,Search
44593,Home
44608,Login
44620,Home
44623,Home
44637,Login
44637,Welcome
44641,Welcome
44658,Setting
44660,Login
44666,Search
44685,Home
44699,Login
44707,Welcome
44712,Search
44718,Menu
44719,Home
44721,Login
44740,Home
44755,List
44787,Map
44800,Home
44817,Search
44818,List
44819,List
44823,List
44823,Setting
44829,List
44834,Login
44836,List
44837,Search
44841,List
44849,Setting
44859,Chat
44864,Welcome
44875,Login
44878,Chat
44888,Search
44929,List
44951,Welcome
44955,Map
44963,Profile
44965,Chat
44966,Chat
44968,Profile
44973,Profile
44974,Chat
44979,Chat
44980,Search
44988,Profile
44989,Profile
44990,Home
44993,Setting
45006,Login
45031,List
45080,Home
45087,Login
45092,Home
45102,Login
45103,Home
45110,Home
45132,Setting
45134,List
45141,Chat
45143,Chat
45148,Chat
45225,List
45248,Login
45250,Menu
45251,Login
45252,Login
45262,Login
45280,Login
45284,Profile
45288,Profile
45315,Login
45326,Map
45332,Welcome
45371,Welcome
45373,Login
45390,Welcome
45398,Welcome
45509,Welcome
45512,Home
45526,Profile
45556,Welcome
45585,Map
45596,Home
45692,Profile
45695,Welcome
45711,Profile
45713,Welcome
45719,Setting
45731,Search
45736,Home
45740,Home
45775,Welcome
45776,Login
45777,Login
45813,List
45837,Welcome
45844,Welcome
45854,Welcome
45855,Profile
45862,Profile
45863,Home
45864,Profile
45866,Home
45871,Welcome
45910,Search
45912,Home
45924,Login
45940,Welcome
45943,Welcome
45945,Menu
45969,List
46019,Setting
46027,Login
46067,Search
46078,Welcome
46082,Welcome
46085,Profile
46090,Setting
46104,Profile
46105,List
46127,Welcome
46159,Login
46168,Welcome
46201,Map
46203,Map
46211,Search
46215,Profile
46226,Welcome
46230,List
46242,Welcome
46256,Chat
46270,Welcome
46274,Home
46275,Home
46276,Home
46277,Home
46287,Login
46302,Login
46305,Chat
46309,List
46312,List
46316,Search
46324,Profile
46329,Profile
46331,Chat
46332,Welcome
46342,Profile
46343,Profile
46344,Profile
46357,Profile
46361,List
46374,Welcome
46379,Welcome
46385,Home
46392,List
46428,Welcome
46430,Welcome
46431,Welcome
46433,Login
46465,Welcome
46476,Home
46497,Home
46513,Map
46516,Map
46528,List
46561,Profile
46567,Profile
46571,Welcome
46579,Welcome
46607,Login
46608,Login
46609,Setting
46611,Home
46632,Welcome
46633,Profile
46634,Profile
46641,Welcome
46648,Home
46658,Welcome
46688,Welcome
46703,Setting
46710,Home
46713,Welcome
46726,Profile
46730,Welcome
46772,Map
46797,Home
46807,Home
46812,Map
46847,Home
46856,Welcome
46857,Map
46881,Search
46883,Login
46884,Login
46896,Home
46900,Welcome
46902,Login
46936,Setting
46977,Home
46980,Welcome
46981,Home
46982,Home
46999,Welcome
47000,Profile
47003,Welcome
47005,Home
47008,Search
47028,Setting
47031,Welcome
47048,Welcome
47050,Login
47051,Login
47053,Home
47058,Search
47081,Home
47082,Search
47083,Search
47091,Setting
47095,Home
47154,Search
47155,Setting
47167,Welcome
47176,Welcome
47181,Login
47183,Search
47196,Map
47203,Menu
47206,Login
47207,Search
47208,Login
47241,Home
47254,Home
47267,Search
47269,Profile
47270,Profile
47273,Search
47275,Chat
47277,Search
47278,Profile
47280,Profile
47287,Search
47288,Search
47304,Home
47311,Map
47317,Welcome
47319,Login
47327,Welcome
47334,Login
47338,Login
47338,Welcome
47364,Login
47371,Home
47383,Welcome
47417,Login
47417,Welcome
47422,Profile
47426,Welcome
47434,Home
47466,Home
47482,Chat
47487,Search
47489,Login
47500,Welcome
47526,Welcome
47530,Profile
47533,Chat
47534,Search
47537,Search
47539,Search
47540,Menu
47541,Menu
47542,Chat
47545,Chat
47546,Chat
47546,Menu
47550,Search
47552,Chat
47554,Chat
47555,Chat
47555,Menu
47556,Chat
47557,Menu
47558,Search
47560,Setting
47562,Search
47563,Search
47564,Chat
47567,Search
47570,Chat
47634,Login
47635,Login
47637,Welcome
47653,Profile
47687,Chat
47688,Profile
47691,Profile
47692,Chat
47693,Chat
47694,Profile
47702,Chat
47704,Chat
47707,Menu
47708,Chat
47708,Setting
47709,Chat
47739,Search
47751,Search
47795,Home
47802,Home
47808,Home
47809,Home
47823,Search
47859,Home
47883,Home
47884,Welcome
47898,Welcome
47900,Welcome
47915,Welcome
47921,Login
47942,Home
47949,Map
47962,Welcome
47964,Profile
47983,Welcome
47986,Welcome
47991,Home
48004,Home
48030,List
48068,Welcome
48072,Login
48083,Map
48089,Login
48095,Home
48101,Map
48109,Login
48112,List
48138,Welcome
48153,Menu
48212,Login
48223,Search
48234,Welcome
48236,Map
48248,Menu
48253,Menu
48257,Home
48262,Welcome
48269,Menu
48283,Chat
48285,Home
48286,Welcome
48300,Welcome
48303,Login
48307,Chat
48311,Welcome
48313,Chat
48315,Home
48319,Chat
48322,Login
48325,Map
48328,Setting
48394,Home
48398,Search
48401,Welcome
48434,Welcome
48466,List
48470,List
48472,Home
48479,Search
48484,Map
48487,List
48501,Welcome
48515,List
48526,Chat
48529,Home
48533,Welcome
48534,Home
48538,Home
48541,Home
48546,Welcome
48591,List
48614,List
48617,Search
48625,Home
48682,Home
48699,Map
48702,Menu
48706,Search
48733,Setting
48735,Map
48744,Map
48746,Map
48753,Map
48783,List
48790,Home
48793,List
48803,Login
48832,Home
48836,Map
48845,Home
48847,List
48851,Setting
48862,Search
48869,List
48874,Login
48886,Setting
48910,Profile
48961,Map
48966,Search
48990,List
49013,Welcome
49015,List
49016,Home
49055,Welcome
49078,Welcome
49080,Setting
49088,Welcome
49094,List
49099,Home
49133,Profile
49150,Search
49152,List
49181,Welcome
49192,Search
49208,Profile
49214,Welcome
49216,Profile
49225,Menu
49228,Menu
49231,Setting
49238,Login
49241,List
49242,Profile
49245,Login
49246,Welcome
49283,Profile
49333,Home
49366,Search
49381,Login
49385,Login
49403,Welcome
49407,Welcome
49426,Login
49450,Home
49454,List
49458,List
49485,Welcome
49494,Setting
49499,List
49500,Search
49501,Login
49520,Setting
49522,Search
49525,Home
49526,Welcome
49530,Search
49535,Home
49541,Home
49554,Setting
49566,Home
49567,Welcome
49568,Login
49568,Welcome
49571,Login
49572,Home
49573,Welcome
49574,Map
49603,List
49623,List
49653,Login
49678,Setting
49680,Search
49704,Menu
49720,Home
49724,Welcome
49744,Login
49750,Home
49752,Home
49754,Home
49757,Welcome
49764,Home
49770,Home
49783,Profile
49790,Home
49794,Home
49799,Profile
49872,Chat
49875,Welcome
49876,Login
49879,Chat
49899,Home
49909,Profile
49911,Profile
49914,Search
49919,Profile
49920,Chat
49932,Login
49936,Map
49939,List
49947,Home
49959,Map
49969,Search
49971,Profile
49978,Search
49981,Setting
49983,Login
49999,Login
50011,Search
50018,Search
50025,List
50028,List
50036,Welcome
50046,Login
50049,Welcome
50078,List
50087,Login
50143,Menu
50163,Setting
50194,Home
50195,Search
50200,Search
50225,Setting
50229,Welcome
50236,Login
50246,Home
50271,Setting
50280,Login
50281,Login
50306,Setting
50314,Profile
50316,Profile
50317,Chat
50317,Profile
50318,Search
50321,Profile
50332,Profile
50342,Welcome
50354,Welcome
50357,Search
50358,Search
50360,Search
50379,Home
50384,Search
50390,Welcome
50391,Search
50395,Profile
50400,Menu
50403,Search
50411,Map
50426,Home
50460,Welcome
50472,Login
50485,Chat
50487,Welcome
50488,Search
50494,Search
50502,List
50508,Map
50509,Map
50511,Map
50512,Login
50514,Map
50516,Map
50517,Map
50518,Map
50525,Map
50550,Profile
50556,Profile
50559,Login
50563,List
50580,Search
50588,Setting
50622,Search
50640,Login
50671,Welcome
50678,Home
50681,Welcome
50721,Setting
50726,Welcome
50769,Login
50770,Welcome
50783,Welcome
50785,Welcome
50821,Welcome
50839,Menu
50843,Chat
50843,Home
50844,Chat
50845,Profile
50850,Welcome
50883,Search
50903,Home
50918,Search
50919,Login
50927,Welcome
50929,Welcome
50957,Profile
50969,Profile
50978,List
50980,Profile
50982,Home
50991,Search
50994,Welcome
50996,Home
51000,Welcome
51024,Welcome
51032,Login
51057,List
51068,Setting
51093,Home
51097,Home
51107,Setting
51135,Home
51137,Login
51137,Welcome
51161,Map
51165,Login
51176,Profile
51179,Login
51194,Search
51204,Login
51231,Home
51275,Setting
51281,Search
51288,Welcome
51290,Login
51291,Welcome
51310,Home
51312,Home
51326,Search
51329,Menu
51354,Welcome
51358,Setting
51370,Login
51371,Login
51409,Welcome
51412,Welcome
51422,Profile
51427,Chat
51432,Chat
51432,Profile
51433,Profile
51450,Chat
51451,Profile
51452,Chat
51467,Login
51474,Setting
51484,Home
51498,Login
51499,Home
51500,Login
51501,Login
51512,Search
51518,Map
51519,List
51527,Menu
51538,List
51551,Login
51562,Search
51577,Welcome
51582,Profile
51586,Profile
51595,Welcome
51603,Welcome
51629,Login
51647,Login
51648,Login
51651,Search
51700,Search
51707,Search
51716,List
51728,Login
51746,Login
51748,Welcome
51753,Login
51755,Login
51765,Home
51783,Welcome
51785,Welcome
51836,Home
51838,Chat
51846,Chat
51871,Welcome
51906,Home
51907,Home
51911,Profile
51912,Login
51927,Menu
51947,Login
51950,Login
51951,Welcome
51956,Search
51960,Login
51962,Search
51963,Login
52007,Search
52008,Welcome
52029,Welcome
52034,Login
52035,List
52045,Home
52058,Chat
52059,Setting
52061,List
52065,Login
52066,List
52077,Welcome
52100,Home
52104,List
52107,List
52122,Login
52125,Search
52127,Map
52139,Search
52141,Map
52142,Map
52143,List
52143,Setting
52145,Chat
52146,Welcome
52188,List
52193,List
52204,Search
52258,Welcome
52259,Profile
52273,Profile
52274,Profile
52275,Home
52276,Home
52279,Profile
52304,Menu
52311,Home
52320,Map
52330,Search
52331,Search
52335,Map
52336,Map
52337,Welcome
52342,Setting
52377,Home
52424,Login
52426,Home
52427,Home
52437,Welcome
52506,Chat
52522,Login
52554,Home
52576,Welcome
52584,Profile
52589,Chat
52595,Login
52616,Login
52711,Menu
52717,Menu
52747,Chat
52748,Chat
52749,Chat
52764,Welcome
52785,Home
52795,Search
52816,Map
52817,Map
52819,Search
52842,List
52853,Welcome
52855,Login
52862,Search
52867,Setting
52889,Search
52903,Search
52914,Welcome
52915,Home
52980,Login
52986,Welcome
52991,Welcome
52997,Home
53031,Search
53037,Search
53038,Search
53040,Search
53043,Setting
53046,Chat
53047,Search
53049,Search
53059,Search
53060,Chat
53061,Search
53062,Profile
53065,Search
53068,Home
53075,Menu
53086,Menu
53100,Menu
53101,Chat
53102,Login
53105,Menu
53106,Login
53108,Login
53109,Chat
53110,Menu
53115,Login
53124,Menu
53172,Home
53174,List
53175,Home
53181,Home
53184,Login
53189,Login
53225,Welcome
53238,Home
53248,Search
53259,Profile
53263,Chat
53268,Login
53268,Welcome
53269,Chat
53272,Login
53274,Login
53325,Welcome
53327,Menu
53329,Menu
53332,Home
53333,Menu
53341,Welcome
53344,Home
53367,Search
53374,Search
53378,Welcome
53381,Login
53382,Home
53391,Map
53397,Home
53400,Welcome
53401,Welcome
53402,Map
53419,Home
53427,Welcome
53439,Setting
53449,Search
53470,Setting
53487,Home
53491,Login
53514,Welcome
53520,Home
53537,Home
53561,List
53596,List
53608,Search
53611,Home
53643,Home
53645,Home
53652,Map
53660,Setting
53670,Login
53706,List
53711,Home
53714,Welcome
53716,Home
53764,Welcome
53766,Welcome
53767,Search
53820,Home
53867,Setting
53878,Welcome
53882,Login
53944,Profile
53957,Welcome
54016,Welcome
54026,Welcome
54062,Home
54063,Home
54065,Home
54066,Profile
54070,Setting
54076,Map
54092,Home
54152,Login
54194,List
54202,Profile
54216,Profile
54229,Search
54237,Search
54255,Home
54260,Welcome
54270,Home
54280,Search
54296,Login
54313,Setting
54341,Welcome
54342,Map
54345,Map
54346,Home
54359,Welcome
54372,Home
54391,Home
54392,List
54393,Profile
54395,Chat
54403,Chat
54404,Chat
54422,Home
54424,Welcome
54425,Home
54431,Home
54433,Menu
54438,Welcome
54440,Menu
54442,Profile
54524,Welcome
54530,Map
54536,List
54537,Menu
54549,List
54551,List
54553,Search
54565,List
54584,Home
54588,Welcome
54589,Welcome
54595,Setting
54602,Map
54607,Welcome
54637,Setting
54639,Welcome
54644,Map
54650,Setting
54659,Home
54671,Welcome
54672,Setting
54675,Welcome
54677,Login
54678,Welcome
54681,Welcome
54687,Search
54697,Home
54701,Search
54724,Setting
54732,Setting
54741,Profile
54742,Login
54744,Login
54744,Welcome
54746,Welcome
54749,Profile
54754,Welcome
54755,Home
54757,Setting
54760,Welcome
54763,Home
54764,Home
54790,List
54795,Home
54798,Home
54813,Profile
54839,Welcome
54863,Search
54864,Home
54875,Search
54880,List
54880,Menu
54891,Setting
54897,Welcome
54918,Menu
54922,Setting
54941,Search
54943,Welcome
54969,Welcome
55033,Home
55033,Setting
55035,Setting
55040,Welcome
55170,Welcome
55172,Login
55179,Setting
55187,Login
55188,Login
55222,Welcome
55287,Login
55287,Welcome
55288,Login
55309,Welcome
55314,Welcome
55365,Welcome
55413,Profile
55417,List
55420,Login
55420,Welcome
55425,Home
55430,Search
55476,Login
55477,Welcome
55479,Login
55486,Welcome
55504,Menu
55518,Search
55520,Search
55558,Welcome
55573,Home
55576,Profile
55626,Home
55630,Chat
55645,Search
55646,Home
55650,Setting
55667,Home
55690,Search
55710,Profile
55788,Setting
55790,Home
55796,Setting
55800,Setting
55806,Login
55873,Profile
55882,Search
55891,Setting
55902,Welcome
55937,Welcome
56017,Login
56024,Welcome
56028,Welcome
56029,Welcome
56042,Welcome
56070,Welcome
56072,Welcome
56075,Chat
56086,Search
56098,Welcome
56106,Search
56155,List
56156,Welcome
56159,Search
56173,Welcome
56220,Welcome
56224,Chat
56233,Login
56242,Search
56247,Home
56254,Welcome
56267,Home
56280,Welcome
56286,Setting
56300,Profile
56330,List
56337,List
56362,Setting
56367,Welcome
56375,Login
56386,Search
56388,Home
56403,Setting
56405,Search
56408,Profile
56409,Login
56413,Profile
56416,Profile
56430,Home
56431,Welcome
56439,Login
56467,Search
56491,Home
56508,Login
56516,Login
56523,Welcome
56559,Login
56562,Search
56564,Welcome
56610,List
56613,Profile
56619,Search
56624,Search
56652,Setting
56775,Search
56794,Login
56796,Menu
56811,Map
56830,Map
56838,Home
56883,Home
56886,Welcome
56890,List
56928,Search
56992,List
56999,List
57025,Menu
57036,Setting
57046,Map
57047,Search
57089,List
57106,Profile
57107,Profile
57108,Profile
57112,Profile
57113,Login
57117,Profile
57127,Login
57128,Welcome
57141,Welcome
57151,Login
57164,Search
57180,Welcome
57213,Search
57215,Map
57247,Map
57266,Login
57268,Welcome
57272,Map
57274,Map
57276,Map
57283,Home
57284,Welcome
57292,Profile
57294,Welcome
57301,Welcome
57305,Login
57306,Search
57322,Login
57329,Login
57339,Menu
57358,Welcome
57364,Home
57450,Setting
57456,Welcome
57466,Setting
57475,Home
57486,Home
57488,Search
57505,Home
57529,Welcome
57539,Map
57544,Welcome
57556,Menu
57566,Login
57569,Chat
57570,Welcome
57575,Chat
57577,Welcome
57585,Login
57591,Welcome
57603,Search
57613,Setting
57632,Setting
57634,Welcome
57638,Home
57639,Login
57642,Login
57648,Welcome
57650,Login
57652,Welcome
57697,Welcome
57713,Home
57727,Home
57739,Search
57743,Login
57747,Menu
57750,Setting
57790,Setting
57804,Welcome
57815,Search
57819,Menu
57823,Welcome
57828,Home
57830,Welcome
57832,Welcome
57865,Home
57891,Search
57895,Search
57898,Welcome
57909,Welcome
57910,Chat
57919,Welcome
57935,Welcome
57946,List
57956,Setting
57985,Login
57987,Home
58023,Setting
58025,Home
58041,Chat
58042,Profile
58044,Menu
58057,Menu
58067,Menu
58072,Setting
58089,Home
58115,List
58115,Profile
58143,Home
58159,Home
58198,Search
58214,Map
58217,Map
58241,Search
58264,Welcome
58276,Home
58278,Home
58344,Map
58351,Map
58356,Map
58367,Setting
58377,Login
58389,Map
58392,Home
58405,Setting
58405,Welcome
58422,Search
58424,Welcome
58430,Menu
58434,Search
58436,Search
58447,Profile
58460,Profile
58484,Search
58500,Login
58501,Welcome
58516,Login
58520,Welcome
58521,Welcome
58527,Profile
58529,Menu
58538,Login
58543,Welcome
58547,Login
58552,Search
58599,List
58600,Welcome
58608,Setting
58611,Home
58612,Setting
58667,Login
58668,Welcome
58671,Welcome
58676,Welcome
58698,Welcome
58706,Welcome
58712,Welcome
58721,Home
58735,Home
58745,List
58746,Profile
58748,Search
58755,Search
58757,Menu
58767,Login
58782,Login
58789,Welcome
58807,Search
58814,Home
58815,Home
58818,Home
58822,Home
58826,Chat
58835,List
58887,Welcome
58891,List
58910,List
58917,Home
58920,Profile
58924,Home
58933,Login
58937,Profile
58950,List
58977,Setting
58985,Setting
58988,Home
58991,Menu
59000,Setting
59010,Profile
59024,Welcome
59030,Login
59038,Search
59043,Search
59044,Welcome
59047,List
59052,List
59056,List
59073,Search
59083,Welcome
59100,Login
59123,Menu
59125,Search
59131,Welcome
59140,Setting
59156,Map
59172,Search
59177,Profile
59208,Login
59229,Search
59243,Welcome
59245,Welcome
59266,Profile
59267,Profile
59317,Welcome
59332,Home
59333,Setting
59344,List
59346,Setting
59354,Login
59357,Login
59359,Home
59360,Setting
59364,Chat
59373,Search
59376,Search
59378,Search
59385,Welcome
59387,Welcome
59409,Setting
59417,Profile
59419,List
59423,Setting
59424,Welcome
59431,Profile
59436,Profile
59437,Home
59444,Home
59453,Welcome
59456,Welcome
59482,List
59484,Login
59506,List
59510,List
59514,Login
59519,Login
59527,Home
59532,Search
59553,Setting
59557,List
59560,Home
59563,Home
59566,Welcome
59572,Welcome
59580,Setting
59618,Welcome
59642,Home
59650,List
59656,List
59670,Welcome
59676,Welcome
59679,Welcome
59685,Welcome
59697,Login
59716,Profile
59718,Welcome
59720,Login
59725,Welcome
59726,Setting
59728,List
59731,Login
59738,Login
59742,List
59743,Setting
59777,Map
59781,Home
59804,Profile
59805,Profile
59808,Welcome
59812,Profile
59820,Welcome
59821,Login
59825,Home
59827,Map
59828,Map
59829,Search
59839,Home
59851,Setting
59855,Search
59867,Home
59869,Chat
59900,Profile
59914,Search
59931,Search
60019,Search
60020,Search
60022,Chat
60023,Search
60025,Profile
60033,Welcome
60035,Welcome
60041,Welcome
60042,Welcome
60044,Welcome
60046,Welcome
60048,Search
60050,Profile
60052,Menu
60053,Welcome
60055,Profile
60056,Profile
60078,Welcome
60090,Map
60100,Welcome
60105,Home
60106,Welcome
60113,Welcome
60114,Welcome
60115,Home
60127,Search
60172,Chat
60173,Menu
60175,Welcome
60182,Welcome
60204,Search
60207,Search
60209,Profile
60212,Chat
60216,Chat
60219,Welcome
60222,Chat
60228,Search
60230,Profile
60231,Chat
60237,Welcome
60246,Chat
60251,Search
60264,Menu
60307,Welcome
60313,Welcome
60318,Setting
60326,Login
60327,Welcome
60334,Welcome
60335,Welcome
60339,Welcome
60355,Search
60369,Search
60374,List
60375,List
60393,Welcome
60399,Search
60403,Login
60406,Login
60408,Login
60410,Search
60416,Search
60459,Home
60469,Profile
60475,Search
60480,Home
60483,Login
60491,List
60496,Search
60503,Welcome
60538,Search
60543,Map
60544,Map
60548,Search
60554,Login
60556,Setting
60598,Welcome
60615,Profile
60641,Welcome
60647,Search
60660,Setting
60683,Welcome
60685,Home
60692,Map
60733,Home
60737,Login
60770,Login
60774,Home
60796,Setting
60821,Welcome
60823,Profile
60841,Profile
60866,Search
60874,Search
60875,Search
60889,Search
60890,Search
60894,Login
60897,Welcome
60916,List
60926,Profile
60953,List
60958,Login
60981,Profile
60989,Login
60998,Welcome
61027,Welcome
61042,Login
61043,Map
61045,List
61094,Login
61109,Search
61196,Home
61204,Home
61217,Menu
61234,Welcome
61244,Map
61251,Search
61258,Search
61263,Welcome
61271,Chat
61306,Profile
61323,Search
61367,List
61371,List
61377,Chat
61381,Search
61400,Welcome
61402,Welcome
61419,Welcome
61421,Profile
61424,Welcome
61439,Home
61470,Welcome
61514,Home
61528,Login
61555,Search
61556,Search
61568,Map
61584,Welcome
61586,Welcome
61597,Map
61599,Map
61632,Welcome
61640,Home
61642,Welcome
61648,Login
61651,Welcome
61662,Welcome
61678,Setting
61691,Map
61696,Map
61699,Map
61710,Login
61726,Home
61730,Setting
61738,Welcome
61746,Welcome
61764,Welcome
61772,Search
61774,Welcome
61809,List
61853,Profile
61868,Welcome
61887,Setting
61888,Home
61898,Search
61905,Login
61906,Chat
61907,Profile
61920,Welcome
61949,Welcome
61968,Welcome
61997,Profile
62012,Menu
62022,Login
62032,Setting
62042,Map
62043,Map
62046,Map
62047,Map
62048,Map
62049,Map
62095,List
62097,Login
62147,Profile
62160,List
62168,Search
62173,Login
62175,Profile
62189,Login
62206,Welcome
62210,Chat
62224,Home
62237,Welcome
62242,List
62246,Welcome
62257,Login
62259,Welcome
62264,List
62274,Menu
62276,Setting
62285,Setting
62288,Login
62309,Login
62313,Home
62314,Login
62326,Profile
62327,Profile
62329,Welcome
62335,Home
62342,Home
62350,List
62352,Map
62368,List
62377,Home
62384,Search
62402,Search
62405,Search
62413,List
62431,Search
62432,Welcome
62435,Search
62437,Search
62448,Profile
62449,Profile
62455,Welcome
62460,Chat
62466,Search
62467,Welcome
62469,Welcome
62497,Welcome
62506,Login
62512,Profile
62517,Profile
62545,Welcome
62574,Setting
62579,Welcome
62581,Welcome
62634,List
62654,Welcome
62676,Welcome
62677,Setting
62722,List
62734,Welcome
62735,Login
62739,Search
62763,Welcome
62773,Search
62812,Chat
62813,Home
62843,Login
62844,Welcome
62845,Welcome
62872,Map
62882,Setting
62894,Welcome
62896,Search
62909,Home
62914,Home
62940,Menu
62958,Welcome
62959,Profile
62963,Profile
62993,Login
63014,Profile
63015,Menu
63017,Welcome
63051,Profile
63057,Search
63061,Welcome
63064,Profile
63070,Setting
63077,Chat
63090,Home
63092,Setting
63093,Search
63097,Search
63099,Search
63121,Home
63158,Home
63161,Welcome
63172,Welcome
63187,Login
63240,Welcome
63254,Search
63270,Welcome
63271,Welcome
63307,Welcome
63370,Map
63378,Setting
63382,Login
63414,Welcome
63418,Login
63424,Search
63429,Login
63430,Search
63436,Map
63450,Home
63454,Home
63482,Welcome
63497,Welcome
63502,Home
63503,Welcome
63506,Welcome
63521,Search
63538,Search
63572,Search
63592,Welcome
63603,Welcome
63609,Map
63614,Map
63638,Login
63646,Welcome
63647,Profile
63658,Profile
63694,Setting
63697,Home
63713,List
63721,Search
63724,Search
63755,List
63756,Welcome
63772,Home
63775,Setting
63777,Home
63789,Map
63830,Search
63836,Welcome
63858,Login
63912,Welcome
63916,Welcome
63927,Search
63932,Welcome
63935,Login
63970,Login
63980,Welcome
63981,Map
63982,Home
64002,Login
64004,Welcome
64005,Login
64013,Login
64038,Search
64040,Login
64081,Home
64131,Login
64133,Login
64142,Home
64162,Home
64171,Login
64200,Profile
64201,Profile
64207,Chat
64211,Chat
64213,Login
64214,Profile
64217,Profile
64218,Home
64252,Welcome
64275,Welcome
64284,Profile
64333,Map
64351,Login
64354,Login
64367,Search
64371,Home
64425,Home
64444,Profile
64448,Login
64452,List
64453,Login
64456,List
64505,Home
64513,Login
64551,Search
64595,Setting
64597,Home
64608,Welcome
64611,Welcome
64624,List
64624,Setting
64625,Profile
64642,Welcome
64656,Login
64659,Welcome
64660,Welcome
64666,Setting
64671,Login
64675,Home
64680,Home
64685,Login
64705,Login
64706,Welcome
64711,Welcome
64714,Welcome
64715,Search
64731,Home
64734,Search
64740,Search
64750,Search
64753,Search
64761,Search
64765,Search
64767,Login
64773,Home
64807,Search
64818,Map
64826,Profile
64849,Setting
64872,Welcome
64873,Chat
64875,Welcome
64931,Login
64979,Home
64981,Welcome
64983,Search
64987,Home
64991,Login
64997,Home
64998,Welcome
65002,Home
65023,Welcome
65039,Home
65042,Setting
65083,Home
65095,Home
65099,Home
65111,Chat
65126,List
65135,Profile
65148,Welcome
65153,Welcome
65160,List
65199,Search
65201,Login
65205,Map
65207,Search
65221,Welcome
65226,Welcome
65232,Login
65233,Welcome
65234,Home
65235,Login
65239,Login
65241,Welcome
65259,Chat
65280,Home
65286,Welcome
65299,Map
65300,Welcome
65305,Map
65308,Setting
65338,Profile
65350,Chat
65395,Map
65405,Setting
65436,Search
65439,Map
65442,Home
65483,List
65487,Welcome
65492,Map
65498,Search
65513,Home
65516,Welcome
65575,Login
65578,Menu
65584,List
65585,Setting
65590,Welcome
65597,Search
65615,Welcome
65619,Welcome
65621,Login
65634,Chat
65636,Chat
65638,Setting
65639,Profile
65640,Chat
65642,Chat
65646,Profile
65674,Login
65713,Map
65717,Map
65719,Welcome
65720,Map
65743,Search
65746,Map
65752,Welcome
65753,Search
65757,Search
65765,Login
65775,Login
65779,Map
65783,Setting
65796,Welcome
65801,Profile
65806,Search
65810,Chat
65812,Profile
65817,Profile
65836,Profile
65868,Search
65869,Home
65871,Welcome
65873,Profile
65887,Setting
65890,Profile
65892,Welcome
65898,Search
65901,List
65932,Search
65938,Home
65950,Home
65963,Search
65997,Login
66000,Home
66004,Setting
66112,Login
66116,Welcome
66121,Login
66150,List
66151,Welcome
66157,Welcome
66158,Search
66160,List
66171,Map
66191,Home
66211,Search
66214,Search
66215,Search
66220,Search
66236,Home
66257,Welcome
66259,Home
66261,Welcome
66268,Login
66294,Search
66302,Search
66308,Profile
66309,Menu
66320,Home
66321,Welcome
66343,Home
66349,Home
66353,Search
66366,Profile
66374,Profile
66378,Profile
66379,Chat
66382,Profile
66385,Profile
66392,Profile
66394,Home
66403,Login
66407,Login
66416,List
66435,Setting
66440,Home
66443,Map
66449,Map
66480,Welcome
66483,Home
66487,Welcome
66506,Login
66509,Login
66514,Welcome
66515,Home
66545,Home
66551,Login
66555,Map
66563,Menu
66599,Setting
66624,Login
66665,Setting
66690,Chat
66691,Chat
66713,Profile
66733,Welcome
66760,Welcome
66770,Welcome
66771,Welcome
66797,Search
66806,Home
66861,Login
66876,Setting
66893,Login
66899,Menu
66905,Login
66914,Profile
66915,Welcome
66921,Welcome
66941,Login
66967,Welcome
66978,Search
66983,Profile
66984,Home
66989,Search
66991,Welcome
66994,Home
66995,Login
66995,Welcome
66998,Search
67001,Profile
67002,Search
67005,List
67016,Map
67020,Home
67026,Profile
67043,Profile
67047,Welcome
67085,Search
67106,Home
67113,Home
67119,Home
67142,Welcome
67147,Login
67158,Profile
67159,Profile
67164,Profile
67165,Welcome
67182,Profile
67191,Profile
67205,Welcome
67236,Search
67244,Search
67264,Welcome
67265,Home
67296,Welcome
67308,Home
67382,Setting
67384,Profile
67385,Search
67392,Login
67401,List
67409,List
67450,Search
67467,Login
67468,Search
67473,Search
67501,List
67506,Welcome
67521,Home
67522,List
67527,List
67533,List
67537,Chat
67545,Map
67569,Login
67570,Login
67574,Welcome
67589,List
67626,Profile
67636,Login
67645,Search
67646,Search
67655,Welcome
67657,Home
67660,List
67669,Setting
67678,List
67687,Search
67688,Map
67689,Search
67717,List
67720,Login
67721,List
67722,Map
67767,Search
67789,List
67816,Home
67820,Login
67830,Welcome
67831,Welcome
67871,Welcome
67874,Welcome
67888,Profile
67892,Profile
67902,Setting
67956,Login
67967,Home
67968,Welcome
67995,Home
68024,Search
68025,Search
68027,Search
68054,Login
68071,Welcome
68077,Login
68079,Map
68087,Setting
68096,Profile
68137,Map
68138,Welcome
68168,Welcome
68203,Welcome
68211,List
68272,Setting
68278,Login
68288,Login
68300,Welcome
68305,Welcome
68324,Profile
68348,Profile
68377,Welcome
68407,Setting
68416,Map
68427,Welcome
68441,Profile
68460,Login
68465,Home
68472,Welcome
68475,Chat
68492,Menu
68531,Login
68549,Map
68572,Setting
68580,Welcome
68584,Home
68588,Login
68596,Setting
68599,Welcome
68613,Welcome
68616,Home
68636,Search
68668,Home
68676,Setting
68685,Chat
68686,Welcome
68741,Profile
68744,Profile
68761,Setting
68779,Home
68831,Welcome
68864,Login
68882,Home
68970,Home
68970,Login
68982,Welcome
69010,Login
69012,Welcome
69015,Welcome
69017,Login
69042,Welcome
69071,Map
69100,Home
69124,List
69170,Home
69171,Map
69177,Search
69211,Home
69212,Profile
69224,Profile
69234,Welcome
69252,Search
69257,Home
69262,Home
69272,Home
69274,Search
69282,Welcome
69286,Login
69290,Setting
69291,Chat
69292,Profile
69293,Login
69294,Welcome
69295,Welcome
69297,Menu
69298,Chat
69302,List
69306,Chat
69326,Profile
69327,List
69334,Search
69335,Login
69351,Welcome
69358,Setting
69374,Home
69375,Profile
69377,Welcome
69378,Profile
69388,Profile
69399,Profile
69401,Profile
69407,Welcome
69413,Welcome
69420,Welcome
69444,List
69446,Search
69450,Home
69456,Search
69458,Menu
69462,Search
69465,Setting
69481,Home
69496,Profile
69504,Login
69508,Profile
69510,Login
69516,Login
69539,Setting
69551,Login
69569,Welcome
69581,Home
69582,Welcome
69605,Map
69606,Map
69617,Search
69622,Menu
69633,Search
69635,Profile
69637,Welcome
69645,Welcome
69648,Profile
69651,Welcome
69652,Welcome
69653,Welcome
69655,Welcome
69671,List
69674,Welcome
69687,Login
69693,Search
69696,Search
69697,Search
69728,Setting
69734,Welcome
69736,Welcome
69752,Map
69756,Map
69758,Login
69759,Search
69760,Map
69761,Search
69780,List
69802,Home
69818,List
69824,Home
69828,Welcome
69833,Search
69839,Welcome
69842,Login
69845,Setting
69867,Profile
69874,Home
69877,Login
69905,Welcome
69913,Login
69916,Setting
69917,Welcome
69928,Search
69932,Login
69933,Search
69942,Home
69944,Profile
69978,Home
69994,Chat
70046,Home
70058,Profile
70062,Setting
70064,Chat
70065,Chat
70074,Chat
70116,Welcome
70147,Home
70168,Chat
70175,Welcome
70176,Profile
70178,Search
70191,Search
70194,Setting
70201,Welcome
70230,Profile
70240,Welcome
70268,Profile
70330,Login
70340,Welcome
70342,Login
70346,Login
70347,Welcome
70348,Setting
70362,Map
70363,Map
70364,Map
70367,Map
70410,Map
70414,Map
70416,Map
70475,Setting
70482,Home
70558,Search
70596,Search
70599,Login
70600,Welcome
70612,Welcome
70620,Welcome
70621,Map
70650,Login
70665,Profile
70672,Profile
70673,Profile
70675,Welcome
70685,Login
70724,Search
70726,Search
70733,Search
70734,List
70760,Search
70769,Map
70772,Map
70777,Setting
70793,List
70805,Welcome
70809,Welcome
70813,Map
70814,Map
70856,Login
70858,Login
70859,Welcome
70861,Map
70872,Chat
70879,Welcome
70898,Search
70905,Search
70916,Login
70950,List
71013,Map
71030,Map
71039,Map
71040,Map
71043,Map
71099,Setting
71101,Map
71103,Menu
71126,Login
71135,Login
71145,Welcome
71177,Welcome
71183,Home
71198,Login
71200,Welcome
71214,Welcome
71218,Profile
71241,Home
71246,List
71246,Search
71248,Home
71266,Home
71268,List
71275,Welcome
71299,List
71307,Menu
71309,Login
71314,Welcome
71317,Login
71317,Welcome
71366,Search
71431,List
71435,Welcome
71436,Welcome
71447,Welcome
71505,Home
71508,Welcome
71522,Search
71551,Setting
71553,Home
71556,Setting
71558,Login
71591,Welcome
71610,Welcome
71619,Search
71630,Welcome
71631,Welcome
71638,Home
71643,Search
71655,Home
71664,Login
71672,Login
71673,Login
71674,Chat
71675,Login
71704,Welcome
71707,Welcome
71708,List
71713,Setting
71714,Welcome
71717,Setting
71754,Search
71791,Chat
71825,Search
71826,Search
71831,Setting
71836,Profile
71840,Setting
71843,List
71843,Profile
71852,Setting
71858,Login
71862,Welcome
71864,Login
71874,Home
71875,Login
71877,Home
71880,Login
71882,Welcome
71964,Search
71972,Setting
71975,Home
72012,Home
72056,Search
72065,Search
72066,Home
72132,Setting
72137,Home
72141,Welcome
72150,Welcome
72155,Search
72157,Welcome
72164,Setting
72169,Home
72170,Search
72172,Map
72173,Login
72174,Welcome
72179,Map
72186,Login
72195,Setting
